<?xml version="1.0" encoding="UTF-8"?>
<beans xmlns="http://www.springframework.org/schema/beans"
	xmlns:xsi="http://www.w3.org/2001/XMLSchema-instance"
	xmlns:context="http://www.springframework.org/schema/context"
	xmlns:aop="http://www.springframework.org/schema/aop"
	xmlns:tx="http://www.springframework.org/schema/tx"
	xsi:schemaLocation="http://www.springframework.org/schema/beans 
	http://www.springframework.org/schema/beans/spring-beans-4.3.xsd
	http://www.springframework.org/schema/context
	http://www.springframework.org/schema/context/spring-context.xsd
	http://www.springframework.org/schema/aop
	http://www.springframework.org/schema/aop/spring-aop.xsd
	http://www.springframework.org/schema/tx
	http://www.springframework.org/schema/tx/spring-tx.xsd">
	
	
	<!-- 加载db.properties文件 -->
	<context:property-placeholder location="classpath:db.properties"/>
	
	<!-- 配置c3p0连接池 -->
	<bean id="dataSource" class="com.mchange.v2.c3p0.ComboPooledDataSource">
		<!-- 注入属性值 -->
		<property name="driverClass" value="${jdbc.driver}"></property>
		<property name="jdbcUrl" value="${jdbc.url}"></property>
		<property name="user" value="${jdbc.username}"></property>
		<property name="password" value="${jdbc.password}"></property>
	</bean>

	<bean id="sqlSessionFactory" class="org.mybatis.spring.SqlSessionFactoryBean">
		<!-- mybatis的配置文件 -->
		<property name="configLocation" value="classpath:mybatis/sqlMapConfig.xml"></property>
		<!-- 数据源 -->
		<property name="dataSource" ref="dataSource"></property>
	</bean>
	

	<!-- mapper扫描器从mapper包中扫描所有mapper接口，自动生成所有mapper接口实现类的代理对象。
		  这些代理对象的id为mapper接口名称（首字母小写）。 -->
	<!-- mybatis和spring整合后，如果使用mapper扫描器，在mybatis的配置文件中就不用加载映射文件了。
		  需要遵循的规范：mapper接口名称和映射文件名称保持一致，且放在同一个目录中。-->
	<bean class="org.mybatis.spring.mapper.MapperScannerConfigurer">
		<!-- 指定包名。如果扫描多个包，包名与包名之间使用半角逗号分隔。 -->
		<property name="basePackage" value="com.ssm.mapper"></property>
		<!-- 这里注入的是sqlSessionFactoryBeanName而不是sqlSessionFactory。
			  如果注入的是sqlSessionFactory，可能无法及时加载db.properties文件。 -->
		<property name="sqlSessionFactoryBeanName" value="sqlSessionFactory"></property>
	</bean>

</beans>