<beans xmlns="http://www.springframework.org/schema/beans"
	xmlns:xsi="http://www.w3.org/2001/XMLSchema-instance" xmlns:mvc="http://www.springframework.org/schema/mvc"
	xmlns:context="http://www.springframework.org/schema/context"
	xmlns:aop="http://www.springframework.org/schema/aop" xmlns:tx="http://www.springframework.org/schema/tx"
	xsi:schemaLocation="http://www.springframework.org/schema/beans 
		http://www.springframework.org/schema/beans/spring-beans-4.3.xsd 
		http://www.springframework.org/schema/mvc 
		http://www.springframework.org/schema/mvc/spring-mvc-4.3.xsd 
		http://www.springframework.org/schema/context 
		http://www.springframework.org/schema/context/spring-context-4.3.xsd 
		http://www.springframework.org/schema/aop 
		http://www.springframework.org/schema/aop/spring-aop-4.3xsd 
		http://www.springframework.org/schema/tx 
		http://www.springframework.org/schema/tx/spring-tx-4.3.xsd ">
	


	<!-- 对于注解的Handler，在实际开发中建议使用组件扫描进行配置 -->
	<!-- 组件扫描可以扫描Controller、Service……这里要扫描Controller，所以指定Controller对应的包名 -->
	<context:component-scan base-package="com.ssm.controller"></context:component-scan>
	
	
	
	<!-- 注解的映射器和注解适配器 -->
	<mvc:annotation-driven ></mvc:annotation-driven>
	
	<!-- 配置拦截器 -->
	<mvc:interceptors>
		<!-- 可以配置多个拦截器，按顺序执行 -->
		<mvc:interceptor>
			<!-- /**表示所有url（包括子url） -->
			<mvc:mapping path="/**"/>
			<bean class="com.ssm.interceptor.LoginInterceptor"></bean>
		</mvc:interceptor>
	</mvc:interceptors>
	
	
	
	<!-- 配置解析jsp的视图解析器 -->
	<bean class="org.springframework.web.servlet.view.InternalResourceViewResolver" />

</beans>