<?xml version="1.0" encoding="UTF-8" ?>
<!DOCTYPE mapper PUBLIC "-//mybatis.org//DTD Mapper 3.0//EN" "http://mybatis.org/dtd/mybatis-3-mapper.dtd" >
<mapper namespace="com.ssm.mapper.BidMapperCustom" >

    <sql id="bidIdSQL">
    	<if test="value !=null and value !=''">
			bid_id==#{value}
		</if>
    </sql>


    <!-- bid查询的SQL -->
    <sql id="bidQuery">
    	bid.demand_id = demand.demand_id
        and bid.service_id = service.service_id
        and service.com_id = company.com_id
        and demand.user_id = user.user_id
        and demand.demand_type = type2.sec_type_id
        and type1.first_type_id = type2.type_first_id 
    </sql>
    
  	
  	<!-- 1.添加投标 -->
  	<insert id="addBid" parameterType="com.ssm.po.BidCustom">
  	<!--keyProperty：将查询到主键值设置到parameterType指定的对象的哪个属性-->
  		 <selectKey keyProperty="bidId" order="AFTER" resultType="java.lang.Integer">
			SELECT LAST_INSERT_ID()
		 </selectKey>
   			insert into 
  		     		bid(demand_id,service_id,bid_state,bid_time) 
			values(#{demandId},#{serviceId},#{bidState},#{bidTime})
  	</insert>
  	
  	
  	<!-- 投标查重 -->
	<select id="checkBids" parameterType="com.ssm.po.BidCustom" resultType="com.ssm.po.BidCustom">
		select
			bid_id bidId,
			demand_id demandId,
			service_id serviceId,
			bid_time bidTime,
			bid_state bidState
		from
	   		bid
	   	<where>
	   		<if test="demandId !=null and demandId !=''">
				demand_id=#{demandId}
			</if>
			<if test="serviceId !=null and serviceId !=''">
				and service_id=#{serviceId}
			</if>
		</where> 
	</select>
  	
  	
  	<!--2.更新投标状态 -->
  	<update id="updateBidState" parameterType="com.ssm.po.BidCustom" >
  		 update 
  		 	bid
    	 set 
    	 	bid_state = #{bidState}
    	 <where>
    	    <if test="bidId !=null and bidId !=''">
				bid_id=#{bidId}
			</if>
    	 </where> 
  	</update> 
  	
  	<!-- 3.删除投标 -->
  	<!-- <delete id="deleteBidById" parameterType="java.lang.Integer">
  		 delete from bid 
  		 <where>
    	    <include refid="bidIdSQL"></include>
    	 </where> 
  	</delete> -->
    
    
  	<!-- 4.查询与用户相关的所有投标 -->
  	<select id="findUserAllBids" parameterType="java.lang.Integer" resultType="com.ssm.po.BidCustom">
	select 
	        user.user_name,
	        company.com_name,
	        demand.demand_title,
	        service.service_title,
	        type1.type_name type1_name,
	        type2.type_name type2_name,
	        bid.bid_state bidState,
	        bid.bid_time bidTime
	from
	        user,
	        company,
	        demand,
	        service,
	        type1,
	        type2,
	        bid
	where 
		    <include refid="bidQuery"></include>
		    <if test="value !=null and value !=''">
		    	 and demand.user_id =#{value}
		    </if>
	</select>
	                          
	<!-- 5.查询与服务商相关的所有投标 -->
  	<select id="findCompanyAllBids" parameterType="java.lang.Integer" resultType="com.ssm.po.BidCustom">
	select 
	        user.user_name,
	        company.com_name,
	        demand.demand_title,
	        service.service_title,
	        type1.type_name type1_name,
	        type2.type_name type2_name,
	        bid.bid_state bidState,
	        bid.bid_time bidTime
	from
	        user,
	        company,
	        demand,
	        service,
	        type1,
	        type2,
	        bid
	where 
		    <include refid="bidQuery"></include>
	        <if test="value !=null and value !=''">
	        	 and service.com_id =#{value}
	        </if>
	</select>
	
	
	<!-- 6.根据demandid查询投标 -->
  	<select id="findBidsByDemandId" parameterType="java.lang.Integer" resultType="com.ssm.po.BidCustom">
	select 
	        user.user_name,
	        company.com_name,
	        demand.demand_title,
	        service.service_title,
	        type1.type_name type1_name,
	        type2.type_name type2_name,
	        bid.bid_state bidState,
	        bid.bid_time bidTime
	from
	        user,
	        company,
	        demand,
	        service,
	        type1,
	        type2,
	        bid
	 <where>
			<include refid="bidQuery"></include>
	        <if test="value !=null and value !=''">
	        	 and bid.demand_id =#{value}
	        </if>
	 </where> 
	</select>
	                          
	<!-- 7.根据serviceid查询投标 -->
  	<select id="findBidsByServiceId" parameterType="java.lang.Integer" resultType="com.ssm.po.BidCustom">
	select 
	        user.user_name,
	        company.com_name,
	        demand.demand_title,
	        service.service_title,
	        type1.type_name type1_name,
	        type2.type_name type2_name,
	        bid.bid_state bidState,
	        bid.bid_time bidTime
	from
	        user,
	        company,
	        demand,
	        service,
	        type1,
	        type2,
	        bid     
	<where>
			<include refid="bidQuery"></include>
	        <if test="value !=null and value !=''">
	        	 and bid.service_id =#{value}
	        </if>
	</where> 
	</select>
	
</mapper>