<?xml version="1.0" encoding="UTF-8" ?>
<!DOCTYPE mapper PUBLIC "-//mybatis.org//DTD Mapper 3.0//EN" "http://mybatis.org/dtd/mybatis-3-mapper.dtd" >
<mapper namespace="com.ssm.mapper.CompanyMapperCustom" >

  	<!-- 服务商名称查重 -->
	<select id="checkCompanyName" parameterType="String" resultType="com.ssm.po.CompanyCustom">
		select 
			com_name comName,com_pass comPass
		from 
			company 
		<where>
			<if test="value!=null and value!=''">
				com_name=#{value}
			</if>
		</where> 
	</select>
	
	
  	<!-- 服务商注册 -->
  	<!--注意这里的参数类型是parameterType而不是parameterMap，因为返回的是单个类型  -->  
  	<insert id="companyRegister" parameterType="com.ssm.po.CompanyCustom">
  		 <selectKey keyProperty="comId" order="AFTER" resultType="java.lang.Integer">
			SELECT LAST_INSERT_ID()
		 </selectKey>
  		    insert into company(com_name,com_pass,com_ceo_name) 
  		    values(#{comName},#{comPass},,#{comCeoName})
  	</insert>
  	
  	
  	<!-- 服务商登录 -->
  	<!--注意这里的参数类型是parameterType而不是parameterMap，因为返回的是单个类型  -->  
  	<select id="companyLogin" parameterType="com.ssm.po.CompanyCustom"
  		 resultType="com.ssm.po.CompanyCustom">
  		  select 
  		     	 com_name comName,com_pass comPass,com_ceo_name comCeoName
  		  from	 company 
  		  <where>
  		  		<if test="comName!=null and comName!=''">
  		  			com_name=#{comName} 
  		  		</if>
  		  		<if test="comPass!=null and comPass!=''">
  		  			and com_pass=#{comPass}
  		  		</if>
  		  </where> 
  	</select>
  	
  	
  	<!-- 服务商密码修改 -->
  	 <update id="companyUpdate" parameterType="com.ssm.po.CompanyCustom">
  		 update
  		 	 company
    	 <set>
    	     <if test="comPass !=null and comPass !=''">
    	 	     com_pass = #{comPass}
    	 	 </if>
    	 </set> 
    	 <where>
    	 	 <if test="comId !=null and comId !=''">
    	 		 com_id= #{comId}
    	 	 </if>
    	 </where> 
  	</update> 
  	
  	
  	<!-- 查询服务商个人信息 -->
  	<select id="companyQuery" parameterType="java.lang.Integer" resultType="com.ssm.po.CompanyCustom">
  		select 
  		  	 com_id comId,com_name comName,com_pass comPass,com_ceo_name comCeoName
		from 
  			 company
  		<where>
  		 	<if test="value !=null and value !=''">
  			  	com_id=#{value}
  			</if>
  	    </where>
  	</select>
  
</mapper>