<?xml version="1.0" encoding="UTF-8" ?>
<!DOCTYPE mapper PUBLIC "-//mybatis.org//DTD Mapper 3.0//EN" "http://mybatis.org/dtd/mybatis-3-mapper.dtd" >
<mapper namespace="com.ssm.mapper.DemandMapperCustom" >

  	<sql id="demandIdSQL">
  		<if test="value !=null and value !=''">
  		    demand_id=#{value}
	 	</if>
  	</sql>
  	
  	
	<!-- demand查询的sql片段 -->
  	<sql id="demandQuery">
  		demand.user_id=user.user_id 
        and demand_type=type2.sec_type_id 
        and type1.first_type_id=type2.type_first_id 
  	</sql>
  	
  	
  	<!-- 1.用户发布需求 -->
  	<insert id="addDemand" parameterType="com.ssm.po.DemandCustom">
  		<selectKey keyProperty="demandId" order="AFTER" resultType="java.lang.Integer">
			SELECT LAST_INSERT_ID()
		</selectKey>
  		insert into 
  		          demand(user_id,demand_title,demand_type,demand_detail,demand_time) 
  	    values
	  			  (#{userId},#{demandTitle},
	  			  #{demandType},#{demandDetail},
	  			  #{demandTime}) 
  	</insert>
  	
  	
  	<!-- 需求查重 -->
    <select id="checkDemands" parameterType="com.ssm.po.DemandCustom" resultType="com.ssm.po.DemandCustom">
		select 
		    demand_id demandId,
			user_id userId,
			demand_title demandTitle,
			demand_type demandType,
			demand_detail demandDetail,
			demand_time demandTime
		from 
			demand 
		<where>
			<if test="userId !=null and userId !=''">
				user_id =#{userId}
			</if>
			<if test="demandTitle !=null and demandTitle !=''">
				and demand_title=#{demandTitle}
			</if>
		</where> 	
	</select>
  	
  	
  	
  	<!-- 2.根据type2 删除需求-->
  	<delete id="deleteDemandByType" parameterType="java.lang.Integer">
  		 delete from demand 
  		 <where>
	 		<if test="value !=null and value !=''">
				 demand_type=#{value}
			</if>
		 </where> 
  	</delete>
  	
  	
  	<!-- 3.用户修改需求 -->
   <update  id="updateDemandById" parameterType="com.ssm.po.DemandCustom" >
  	  update 
  	  		demand 
  	  <set>
	  	  	<if test="demandTitle !=null and demandTitle !=''">
	  	  		demand_title=#{demandTitle},
	  	  	</if>
	  	  	<if test="demandType !=null and demandType !=''">
	  	  		demand_type=#{demandType},
	  	  	</if>
	  	  	<if test="demandDetail !=null and demandDetail !=''">
	  	  		demand_detail=#{demandDetail},
	  	  	</if>
	  	  	<if test="demandTime !=null and demandTime !=''">
	  	  		demand_time=#{demandTime}
	  	  	</if>
  	  </set>  
  	  <where>
  		 	<if test="demandId !=null and demandId !=''">
	  	  		demand_id=#{demandId}
	  	  	</if>
	 </where>
  	</update>
  	
  	
  	
  	<!-- 4.根据需求id查询 需求  -->
  	<select id="findDemandById" parameterType="java.lang.Integer" resultType="com.ssm.po.DemandCustom">
  	    select
	  	    demand_id demandId,
	        user.user_name userName,
	        type1.type_name first_type_name,
	        type2.type_name sec_type_Name,
	        demand_title demandTitle,
	        demand_detail demandDetail,
	        demand_time demandTime 
  	    from 
  	    	demand 
  	   <where>
  		 	<include refid="demandIdSQL"></include>
	   </where>
  	</select>
  	
  	
  	<!-- 5.根据demandTitle模糊查询 -->
  	<select id="findDemandByDemandTitle" parameterType="java.lang.String"  resultType="com.ssm.po.DemandCustom">
	 select
	       demand_id demandId,
	       user.user_name userName,
	       type1.type_name first_type_name,
	       type2.type_name sec_type_Name,
	       demand_title demandTitle,
	       demand_detail demandDetail,
	       demand_time demandTime 
	 from 
	       demand,
	       user,
	       type1,
	       type2
	 <where>
	      <include refid="demandQuery"></include>
	      <if test="value !=null and value !=''">
  			 and demand_title LIKE '%${value}%'
  		  </if>
	 </where>
	 order by 
	 	   demand_time desc
  	</select>
  	
  
  	 
  	<!-- 5.根据demandTitle模糊查询使用resultMap-->
  	<select id="findDemandByDemandTitleResultMap" parameterType="java.lang.String"  resultMap="ByDemandTitleResultMap">
	 select
	       demand_id demandId,
	       user.user_name userName,
	       type1.type_name first_type_name,
	       type2.type_name sec_type_Name,
	       demand_title demandTitle,
	       demand_detail demandDetail,
	       demand_time demandTime 
	 from 
	       demand,
	       user,
	       type1,
	       type2
	 <where>
	      <include refid="demandQuery"></include>
	      <if test="value !=null and value !=''">
  			 and demand_title LIKE '%${value}%'
  		  </if>
	 </where>
	 order by 
	 	   demand_time desc
  	</select>
  	
   	<resultMap type="com.ssm.po.DemandCustom" id="ByDemandTitleResultMap">
		<!-- 需求信息 -->
		<id column="demand_id" property="demandId"/>
		<result column="user_id" property="userId"/>
		<result column="demand_title" property="demandTitle"/>
		<result column="demand_type" property="demandType"/>
		<result column="demand_detail" property="demandDetail"/>
		<result column="demand_time" property="demandTime"/>
		<!-- 用户信息：一个需求对应一个用户 -->
		 <association property="user" javaType="com.ssm.po.User">
		 	<id column="user_id" property="userId"/>
			<result column="user_name" property="userName"/>
			<result column="user_pass" property="userPass"/>
		 </association>
		 <!-- type2:一个需求对应一个Type2 -->
		 <association property="type2" javaType="com.ssm.po.Type2">
		 	<id column="sec_type_id" property="secTypeId"/>
			<result column="type_name" property="typeName"/>
			<result column="type_first_id" property="typeFirstId"/>
				<!-- type1：一个type2对应一个type1 -->
				<association  property="type1" javaType="com.ssm.po.Type1">
					<id column="first_type_id" property="firstTypeId"/>
					<result column="type_name" property="typeName"/>
				</association>
		 </association>
	</resultMap>	
   		

   		
    <!-- 6.查询用户及发布的需求信息，使用resultmap -->
	<select id="findUserAllDemands" parameterType="java.lang.Integer" resultMap="findUserAllDemandsResultMap">
		select 
			  type1.type_name type1_name,
			  demand.*,
			  type2.*
		from
			  demand,
			  type2,
			  type1
		<where>
			  demand_type = type2.sec_type_id 
       		  and type1.first_type_id = type2.type_first_id 
			   <if test="value !=null and value !=''">
  				  and demand.user_id = #{value}
  		       </if>
	   </where> 
	</select>
	
	<!-- 查询用户及发布的需求信息的resultmap -->
	<resultMap type="com.ssm.po.DemandCustom" id="findUserAllDemandsResultMap">
	 	<id column="demand_id" property="demandId"/>
		<result column="user_id" property="userId"/>
		<result column="demand_title" property="demandTitle"/>
		<result column="demand_type" property="demandType"/>
		<result column="demand_detail" property="demandDetail"/>
		<result column="demand_time" property="demandTime"/>
		<association  property="type2Custom" javaType="com.ssm.po.Type2Custom">
	    	<id column="sec_type_id" property="secTypeId"/>
			<result column="type_name" property="typeName"/>
			<result column="type_first_id" property="typeFirstId"/>
			<association  property="type1Custom" javaType="com.ssm.po.Type1Custom">
				<id column="first_type_id" property="firstTypeId"/>
				<result column="type1_name" property="typeName"/>
			</association>
	    </association>
	</resultMap>
    
    
    <!-- 7.根据需求type查询 -->
    <select id="findDemandByType"  parameterType="java.lang.Integer" resultType="com.ssm.po.DemandCustom">
	    select 
		     demand_id demandId,
		     user.user_name userName,
		     type1.type_name first_type_name,
		     type2.type_name sec_type_Name,
		     demand_title demandTitle,
		     demand_detail demandDetail,
		     demand_time demandTime 
		from 
		     demand,
		     type2,
		     type1,
		     user
		<where>
			 <include refid="demandQuery"></include>
        	 <if test="value !=null and value !=''">
  				and type2.sec_type_id = #{value}
  		     </if>
		</where>    
  	</select>
    
    <!-- 8.返回最新插入的前10条记录  -->
    <select id="findLatestDemand"  resultType="com.ssm.po.DemandCustom">
   	select  
	        demand_id demandId,
	        user_name userName,
	        type1.type_name first_type_name,
	        type2.type_name sec_type_Name,
	        demand_title demandTitle,
	        demand_detail demandDetail,
	        demand_time demandTime
	from 
	        demand,
	        user,
	        type1,
	        type2
	<where>
			<include refid="demandQuery"></include>
	</where> 
	order by 
	        demand_time desc LIMIT 10
    </select>
    
    
    
    
    
    
</mapper>