<?xml version="1.0" encoding="UTF-8" ?>
<!DOCTYPE mapper PUBLIC "-//mybatis.org//DTD Mapper 3.0//EN" "http://mybatis.org/dtd/mybatis-3-mapper.dtd" >
<mapper namespace="com.ssm.mapper.ServiceMapperCustom" >

    
     <sql id="serviceIdSQL">
  		<if test="value !=null and value !=''">
  		    and service_id=#{value}
	 	</if>
  	 </sql> 
  	 
  	 
  	 <!-- service查询的SQL -->
  	 <sql id="serviceQuery">
  	 	service.com_id=company.com_id 
        and service_type=type2.sec_type_id 
        and type1.first_type_id=type2.type_first_id 
  	 </sql>
  	 
  	 

	<!-- 1.服务商发布服务 -->
  	<insert id="addService" parameterType="com.ssm.po.ServiceCustom">
  		<selectKey keyProperty="serviceId" order="AFTER" resultType="java.lang.Integer">
			SELECT LAST_INSERT_ID()
		</selectKey>
  		insert into 
  				service(com_id,service_title,service_type,service_detail,service_time) 
	    values
	    		(#{comId},#{serviceTitle},
  			    #{serviceType},#{serviceDetail},#{serviceTime}) 
  	</insert>
  	
  	
  	<!-- 服务查重 -->
    <select id="checkServices" parameterType="com.ssm.po.ServiceCustom" resultType="com.ssm.po.ServiceCustom">
		select 
		    service_id serviceId,
			com_id comId,
			service_title serviceTitle,
			service_type serviceType,
			service_detail serviceDetail,
			service_time serviceTime
		from 
			service 
		<where>
			<if test="comId!=null and comId!=''">
				and com_id =#{comId}
			</if>
			<if test="serviceTitle!=null and serviceTitle!=''">
				and service_title=#{serviceTitle}
			</if> 
		</where> 
	</select>
  	
  	
  	
  	<!-- 2.根据Type2删除服务 -->
  	<delete id="deleteServiceByType" parameterType="java.lang.Integer">
  		 delete from service 
  		  <where>
	 		<if test="value !=null and value !=''">
				 service_type=#{value}
			</if>
		 </where> 
  	</delete>
  	
  	
  	<!-- 3.服务商修改服务 -->
  	<update  id="updateServiceById" parameterType="com.ssm.po.ServiceCustom">
	  	  update 
	  	  		service 
	  	  <set>
		  	  	<if test="serviceTitle !=null and serviceTitle !=''">
		  	  		service_title=#{serviceTitle},
		  	  	</if>
		  	  	<if test="serviceType !=null and serviceType !=''">
		  	  		service_type=#{serviceType},
		  	  	</if>
		  	  	<if test="serviceDetail !=null and serviceDetail !=''">
		  	  		service_detail=#{serviceDetail},
		  	  	</if>
		  	  	<if test="serviceTime !=null and serviceTime !=''">
		  	  		service_time=#{serviceTime}
		  	  	</if>
	  	  </set>  
	  	  <where>
	  		 	<if test="serviceId !=null and serviceId !=''">
		  	  		service_id=#{serviceId}
		  	  	</if>
		 </where>
  	</update> 
  	
  	
  	<!-- 4.服务查询    根据服务id -->
  	<select id="findServiceById"  parameterType="java.lang.Integer"  resultType="com.ssm.po.ServiceCustom">
  	    select
  	        service_id serviceId,
	        company.com_name comName,
	        type1.type_name first_type_name,
	        type2.type_name sec_type_Name,
	        service_title serviceTitle,
	        service_detail serviceDetail,
	        service_time serviceTime  
		from 
			service 
  	    <where> 
  	  		<include refid="serviceIdSQL"></include>
  	    </where> 
  	</select> 
  	
  	
  	<!-- 5.服务查询    根据serviceTitle关键字模糊查询 -->
  	 <select id="findServiceByTitle" parameterType="java.lang.String"  resultType="com.ssm.po.ServiceCustom">
	  	 select
		       service_id serviceId,
		       company.com_name comName,
		       type1.type_name first_type_name,
		       type2.type_name sec_type_Name,
		       service_title serviceTitle,
		       service_detail serviceDetail,
		       service_time serviceTime 
		 from 
		       service,
		       company,
		       type1,
		       type2
		<where> 
  	  		<include refid="serviceQuery"></include>
  	  		<if test="value !=null and value !=''">
  				 and service_title LIKE '%${value}%'
  		    </if>
  	    </where> 
		 order by 
		 	   service_time desc
  	</select> 
  	 
  	
  	
  	 <!-- 6.查询服务商及发布的服务信息，使用resultmap -->
	 <select id="findCompanyAllServices" parameterType="java.lang.Integer" resultMap="findCompanyAllServicesResultMap">
		select
		       service.*,
		       type1.type_name type1_name,
		       type2.*
		 from 
		       service,
		       type1,
		       type2
		<where>
		       service_type=type2.sec_type_id 
		       and type1.first_type_id=type2.type_first_id 
		       <if test="value !=null and value !=''">
  				  and service.com_id = #{value}
  		       </if>
		</where>         
	</select> 
	<!-- 查询服务商及发布的服务信息的resultmap -->
	<resultMap type="com.ssm.po.ServiceCustom" id="findCompanyAllServicesResultMap">
		<id column="service_id" property="serviceId"/>
		<result column="com_id" property="comId"/>
		<result column="service_title" property="serviceTitle"/>
		<result column="service_type" property="serviceType"/>
		<result column="service_detail" property="serviceDetail"/>
		<result column="service_time" property="serviceTime"/>
	    <association  property="type2Custom" javaType="com.ssm.po.Type2Custom">
	    	<id column="sec_type_id" property="secTypeId"/>
			<result column="type_name" property="typeName"/>
			<result column="type_first_id" property="typeFirstId"/>
			<association  property="type1Custom" javaType="com.ssm.po.Type1Custom">
				<id column="first_type_id" property="firstTypeId"/>
				<result column="type1_name" property="typeName"/>
			</association>
	    </association>
	</resultMap>
	
  	
	
   <!-- 7.根据服务type查询 -->
   <select id="findServiceByType"  parameterType="java.lang.Integer" resultType="com.ssm.po.ServiceCustom">
	    select 
		     service_id serviceId,
	         company.com_name comName,
	         type1.type_name first_type_name,
	         type2.type_name sec_type_Name,
	         service_title serviceTitle,
	         service_detail serviceDetail,
	         service_time serviceTime 
		from 
		     service ,
		     type1,
		     type2,
		     company
		<where> 
  	  		<include refid="serviceQuery"></include>
  	  		<if test="value !=null and value !=''">
  				and type2.sec_type_id = #{value}
  		    </if>
  	    </where> 
  	</select>
  	
  	
  	
  	<!-- 8.返回最新插入的前10条记录  -->
    <select id="findLatestService"  resultType="com.ssm.po.ServiceCustom">
  	select  
           service_id serviceId,
	       company.com_name comName,
	       type1.type_name first_type_name,
	       type2.type_name sec_type_Name,
	       service_title serviceTitle,
	       service_detail serviceDetail,
	       service_time serviceTime 
    from 
	       service,
           company,
           type1,
           type2
	<where>
		<include refid="serviceQuery"></include>
	</where> 
	order by 
	       service_time desc LIMIT 10
    </select> 
  	
  	
  	
</mapper>