<?xml version="1.0" encoding="UTF-8"?>
<beans xmlns="http://www.springframework.org/schema/beans"
	xmlns:xsi="http://www.w3.org/2001/XMLSchema-instance" xmlns:mvc="http://www.springframework.org/schema/mvc"
	xmlns:context="http://www.springframework.org/schema/context"
	xmlns:aop="http://www.springframework.org/schema/aop" xmlns:tx="http://www.springframework.org/schema/tx"
	xsi:schemaLocation="http://www.springframework.org/schema/beans 
		http://www.springframework.org/schema/beans/spring-beans-3.2.xsd 
		http://www.springframework.org/schema/mvc 
		http://www.springframework.org/schema/mvc/spring-mvc-3.2.xsd 
		http://www.springframework.org/schema/context 
		http://www.springframework.org/schema/context/spring-context-3.2.xsd 
		http://www.springframework.org/schema/aop 
		http://www.springframework.org/schema/aop/spring-aop-3.2.xsd 
		http://www.springframework.org/schema/tx 
		http://www.springframework.org/schema/tx/spring-tx-3.2.xsd ">

		<context:property-placeholder location="classpath:db.properties"/>
		<!-- 连接池 -->
		<bean id="dataSource" class="com.mchange.v2.c3p0.ComboPooledDataSource">
			<property name="driverClass" value="${jdbc.Driver}"/>
			<property name="jdbcUrl" value="${jdbc.url}"/>
			<property name="user" value="${jdbc.username}"/>
			<property name="password" value="${jdbc.password}"/>
		</bean>

		<!-- sqlsessionFactory -->
		<bean id="sqlSessionFactory" class="org.mybatis.spring.SqlSessionFactoryBean">
			<!-- 配置文件 -->
			<property name="configLocation" value="classpath:mybatis/sqlMapConfig.xml"></property>
			<!-- 数据源 -->
			<property name="dataSource" ref="dataSource"></property>
		</bean>
		<!-- mapper扫描器 -->
		<bean class="org.mybatis.spring.mapper.MapperScannerConfigurer">
			<property name="basePackage" value="com.ssm.mapper"></property>
			<property name="sqlSessionFactoryBeanName" value="sqlSessionFactory"></property>
		</bean>
</beans>
