<?xml version="1.0" encoding="UTF-8"?>
<beans xmlns="http://www.springframework.org/schema/beans"
	xmlns:xsi="http://www.w3.org/2001/XMLSchema-instance" xmlns:mvc="http://www.springframework.org/schema/mvc"
	xmlns:context="http://www.springframework.org/schema/context"
	xmlns:aop="http://www.springframework.org/schema/aop" xmlns:tx="http://www.springframework.org/schema/tx"
	xsi:schemaLocation="http://www.springframework.org/schema/beans 
		http://www.springframework.org/schema/beans/spring-beans-3.2.xsd 
		http://www.springframework.org/schema/mvc 
		http://www.springframework.org/schema/mvc/spring-mvc-3.2.xsd 
		http://www.springframework.org/schema/context 
		http://www.springframework.org/schema/context/spring-context-3.2.xsd 
		http://www.springframework.org/schema/aop 
		http://www.springframework.org/schema/aop/spring-aop-3.2.xsd 
		http://www.springframework.org/schema/tx 
		http://www.springframework.org/schema/tx/spring-tx-3.2.xsd ">

	<!-- 
	<context:component-scan base-package="com.ssm"></context:component-scan>
 	-->
	
	<!-- 配置service接口实现类的对象 -->
	<bean id="userService" class="com.ssm.service.impl.UserServiceImpl"></bean>
	<bean id="companyService" class="com.ssm.service.impl.CompanyServiceImpl"></bean>
	<bean id="publicPageService" class="com.ssm.service.impl.PublicPageServiceImpl"></bean>
	<bean id="type1Service" class="com.ssm.service.impl.Type1ServiceImpl"></bean>
	<bean id="type2Service" class="com.ssm.service.impl.Type2ServiceImpl"></bean>
	<bean id="demandService" class="com.ssm.service.impl.DemandServiceImpl"></bean>
	<bean id="serviceService" class="com.ssm.service.impl.ServiceServiceImpl"/>

</beans>