﻿<?xml version="1.0" encoding="UTF-8" ?>
<!DOCTYPE mapper PUBLIC "-//mybatis.org//DTD Mapper 3.0//EN" "http://mybatis.org/dtd/mybatis-3-mapper.dtd" >
<mapper namespace="com.ssm.mapper.BidMapperCustom" >

  	
	<!-- 添加投标 -->
	<insert id="addBid" parameterType="com.ssm.po.BidCustom">
		<selectKey keyProperty="bidId" order="AFTER" resultType="java.lang.Integer">
			SELECT LAST_INSERT_ID()
		</selectKey>
		insert into bid(demand_id,service_id,bid_time,bid_state) values(#{demandId},#{serviceId},#{bidTime},#{bidState})
	</insert>
	
	<!-- 获取全部投标 -->
	<select id="findAllBid" resultType="com.ssm.po.BidCustom">
		select
		bid_id bidId,demand_id demandId,service_id serviceId,bid_time bidTime,bid_state bidState
		from
		bid
	</select>
	
	<!-- 根据demandid查询所有投标（查询当前用户的所有投标） -->
  	<select id="findAllBidByDemandid" parameterType="java.lang.Integer" resultType="com.ssm.po.BidCustom">
		
		select 
		bid.bid_state bidState,
		bid.bid_time bidTime,
		service.service_title,
		demand.demand_title,
		company.com_name,
		type2.type_name type2_name,
		type1.type_name type1_name
		from
		bid,service,company,type2,type1,demand
		where 
		bid.demand_id = #{value} and 
		demand.demand_id = bid.demand_id and
		bid.service_id = service.service_id and
		service.com_id = company.com_id and 
		service.service_type = type2.sec_type_id and
		type2.type_first_id = type1.first_type_id
	</select>
	                          
	<!-- 根据serviceid查询所有投标（查询当前用户的所有投标） -->
	<select id="findAllBidByServiceid" parameterType="java.lang.Integer" resultType="com.ssm.po.BidCustom">
		select
		bid.bid_id bidId,
		bid.bid_state bidState,
		bid.bid_time bidTime,
		service.service_title,
		demand.demand_title,
		user.user_name,
		type2.type_name type2_name,
		type1.type_name type1_name
		from
		bid,demand,user,type2,type1,service
		where
		bid.service_id = #{value}  and 
		service.service_id = bid.service_id and
		bid.demand_id = demand.demand_id and
		demand.user_id = user.user_id and demand.demand_type = type2.sec_type_id and
		type2.type_first_id = type1.first_type_id
		<!-- 
		select
		bid.bid_state bidState,
		bid.bid_time bidTime,
		demand.demand_title,
		user.user_name,
		type2.type_name type2_name,
		type1.type_name type1_name
		from
		bid,demand,user,type2,type1
		where
		bid.service_id = #{value} and 
		bid.demand_id = demand.demand_id and
		demand.user_id = user.user_id and demand.demand_type = type2.sec_type_id and
		type2.type_first_id = type1.first_type_id
		 -->
	</select>
	
	<!-- 根据demandId删除bid -->
	<delete id="deleteBidByServiceId" parameterType="java.lang.Integer">
		delete from bid where demand_id=#{value}
	</delete>
  	<!--2.更新投标状态 -->
  	<!--  <update id="updateBidState" parameterType="com.ssm.po.BidCustom" >
  		 update 
  		 	bid
    	 set 
    	 	bid_state = #{bidState}
    	 where 
    	 	bid_id = #{bidId}
  	</update>   -->
  	
  	<!-- 3.删除投标 -->
  	<delete id="deleteBidById" parameterType="java.lang.Integer">
  		 delete from bid where bid_id=#{bidId}
  	</delete>
    
  	
  
</mapper>