<?xml version="1.0" encoding="UTF-8" ?>
<!DOCTYPE mapper PUBLIC "-//mybatis.org//DTD Mapper 3.0//EN" "http://mybatis.org/dtd/mybatis-3-mapper.dtd" >
<mapper namespace="com.ssm.mapper.BidMapper" >
  <resultMap id="BaseResultMap" type="com.ssm.po.Bid" >
    <id column="bid_id" property="bidId" jdbcType="INTEGER" />
    <result column="demand_id" property="demandId" jdbcType="INTEGER" />
    <result column="service_id" property="serviceId" jdbcType="INTEGER" />
    <result column="bid_time" property="bidTime" jdbcType="TIMESTAMP" />
    <result column="bid_state" property="bidState" jdbcType="VARCHAR" />
  </resultMap>
  <sql id="Example_Where_Clause" >
    <where >
      <foreach collection="oredCriteria" item="criteria" separator="or" >
        <if test="criteria.valid" >
          <trim prefix="(" suffix=")" prefixOverrides="and" >
            <foreach collection="criteria.criteria" item="criterion" >
              <choose >
                <when test="criterion.noValue" >
                  and ${criterion.condition}
                </when>
                <when test="criterion.singleValue" >
                  and ${criterion.condition} #{criterion.value}
                </when>
                <when test="criterion.betweenValue" >
                  and ${criterion.condition} #{criterion.value} and #{criterion.secondValue}
                </when>
                <when test="criterion.listValue" >
                  and ${criterion.condition}
                  <foreach collection="criterion.value" item="listItem" open="(" close=")" separator="," >
                    #{listItem}
                  </foreach>
                </when>
              </choose>
            </foreach>
          </trim>
        </if>
      </foreach>
    </where>
  </sql>
  <sql id="Update_By_Example_Where_Clause" >
    <where >
      <foreach collection="example.oredCriteria" item="criteria" separator="or" >
        <if test="criteria.valid" >
          <trim prefix="(" suffix=")" prefixOverrides="and" >
            <foreach collection="criteria.criteria" item="criterion" >
              <choose >
                <when test="criterion.noValue" >
                  and ${criterion.condition}
                </when>
                <when test="criterion.singleValue" >
                  and ${criterion.condition} #{criterion.value}
                </when>
                <when test="criterion.betweenValue" >
                  and ${criterion.condition} #{criterion.value} and #{criterion.secondValue}
                </when>
                <when test="criterion.listValue" >
                  and ${criterion.condition}
                  <foreach collection="criterion.value" item="listItem" open="(" close=")" separator="," >
                    #{listItem}
                  </foreach>
                </when>
              </choose>
            </foreach>
          </trim>
        </if>
      </foreach>
    </where>
  </sql>
  <sql id="Base_Column_List" >
    bid_id, demand_id, service_id, bid_time, bid_state
  </sql>
  <select id="selectByExample" resultMap="BaseResultMap" parameterType="com.ssm.po.BidExample" >
    select
    <if test="distinct" >
      distinct
    </if>
    <include refid="Base_Column_List" />
    from bid
    <if test="_parameter != null" >
      <include refid="Example_Where_Clause" />
    </if>
    <if test="orderByClause != null" >
      order by ${orderByClause}
    </if>
  </select>
  <select id="selectByPrimaryKey" resultMap="BaseResultMap" parameterType="java.lang.Integer" >
    select 
    <include refid="Base_Column_List" />
    from bid
    where bid_id = #{bidId,jdbcType=INTEGER}
  </select>
  <delete id="deleteByPrimaryKey" parameterType="java.lang.Integer" >
    delete from bid
    where bid_id = #{bidId,jdbcType=INTEGER}
  </delete>
  <delete id="deleteByExample" parameterType="com.ssm.po.BidExample" >
    delete from bid
    <if test="_parameter != null" >
      <include refid="Example_Where_Clause" />
    </if>
  </delete>
  <insert id="insert" parameterType="com.ssm.po.Bid" >
    insert into bid (bid_id, demand_id, service_id, 
      bid_time, bid_state)
    values (#{bidId,jdbcType=INTEGER}, #{demandId,jdbcType=INTEGER}, #{serviceId,jdbcType=INTEGER}, 
      #{bidTime,jdbcType=TIMESTAMP}, #{bidState,jdbcType=VARCHAR})
  </insert>
  <insert id="insertSelective" parameterType="com.ssm.po.Bid" >
    insert into bid
    <trim prefix="(" suffix=")" suffixOverrides="," >
      <if test="bidId != null" >
        bid_id,
      </if>
      <if test="demandId != null" >
        demand_id,
      </if>
      <if test="serviceId != null" >
        service_id,
      </if>
      <if test="bidTime != null" >
        bid_time,
      </if>
      <if test="bidState != null" >
        bid_state,
      </if>
    </trim>
    <trim prefix="values (" suffix=")" suffixOverrides="," >
      <if test="bidId != null" >
        #{bidId,jdbcType=INTEGER},
      </if>
      <if test="demandId != null" >
        #{demandId,jdbcType=INTEGER},
      </if>
      <if test="serviceId != null" >
        #{serviceId,jdbcType=INTEGER},
      </if>
      <if test="bidTime != null" >
        #{bidTime,jdbcType=TIMESTAMP},
      </if>
      <if test="bidState != null" >
        #{bidState,jdbcType=VARCHAR},
      </if>
    </trim>
  </insert>
  <select id="countByExample" parameterType="com.ssm.po.BidExample" resultType="java.lang.Integer" >
    select count(*) from bid
    <if test="_parameter != null" >
      <include refid="Example_Where_Clause" />
    </if>
  </select>
  <update id="updateByExampleSelective" parameterType="map" >
    update bid
    <set >
      <if test="record.bidId != null" >
        bid_id = #{record.bidId,jdbcType=INTEGER},
      </if>
      <if test="record.demandId != null" >
        demand_id = #{record.demandId,jdbcType=INTEGER},
      </if>
      <if test="record.serviceId != null" >
        service_id = #{record.serviceId,jdbcType=INTEGER},
      </if>
      <if test="record.bidTime != null" >
        bid_time = #{record.bidTime,jdbcType=TIMESTAMP},
      </if>
      <if test="record.bidState != null" >
        bid_state = #{record.bidState,jdbcType=VARCHAR},
      </if>
    </set>
    <if test="_parameter != null" >
      <include refid="Update_By_Example_Where_Clause" />
    </if>
  </update>
  <update id="updateByExample" parameterType="map" >
    update bid
    set bid_id = #{record.bidId,jdbcType=INTEGER},
      demand_id = #{record.demandId,jdbcType=INTEGER},
      service_id = #{record.serviceId,jdbcType=INTEGER},
      bid_time = #{record.bidTime,jdbcType=TIMESTAMP},
      bid_state = #{record.bidState,jdbcType=VARCHAR}
    <if test="_parameter != null" >
      <include refid="Update_By_Example_Where_Clause" />
    </if>
  </update>
  <update id="updateByPrimaryKeySelective" parameterType="com.ssm.po.Bid" >
    update bid
    <set >
      <if test="demandId != null" >
        demand_id = #{demandId,jdbcType=INTEGER},
      </if>
      <if test="serviceId != null" >
        service_id = #{serviceId,jdbcType=INTEGER},
      </if>
      <if test="bidTime != null" >
        bid_time = #{bidTime,jdbcType=TIMESTAMP},
      </if>
      <if test="bidState != null" >
        bid_state = #{bidState,jdbcType=VARCHAR},
      </if>
    </set>
    where bid_id = #{bidId,jdbcType=INTEGER}
  </update>
  <update id="updateByPrimaryKey" parameterType="com.ssm.po.Bid" >
    update bid
    set demand_id = #{demandId,jdbcType=INTEGER},
      service_id = #{serviceId,jdbcType=INTEGER},
      bid_time = #{bidTime,jdbcType=TIMESTAMP},
      bid_state = #{bidState,jdbcType=VARCHAR}
    where bid_id = #{bidId,jdbcType=INTEGER}
  </update>
</mapper>