<?xml version="1.0" encoding="UTF-8" ?>
<!DOCTYPE mapper PUBLIC "-//mybatis.org//DTD Mapper 3.0//EN" "http://mybatis.org/dtd/mybatis-3-mapper.dtd" >
<mapper namespace="com.ssm.mapper.CompanyMapper" >
  <resultMap id="BaseResultMap" type="com.ssm.po.Company" >
    <id column="com_id" property="comId" jdbcType="INTEGER" />
    <result column="com_name" property="comName" jdbcType="VARCHAR" />
    <result column="com_ceo_name" property="comCeoName" jdbcType="VARCHAR" />
    <result column="com_pass" property="comPass" jdbcType="VARCHAR" />
  </resultMap>
  <sql id="Example_Where_Clause" >
    <where >
      <foreach collection="oredCriteria" item="criteria" separator="or" >
        <if test="criteria.valid" >
          <trim prefix="(" suffix=")" prefixOverrides="and" >
            <foreach collection="criteria.criteria" item="criterion" >
              <choose >
                <when test="criterion.noValue" >
                  and ${criterion.condition}
                </when>
                <when test="criterion.singleValue" >
                  and ${criterion.condition} #{criterion.value}
                </when>
                <when test="criterion.betweenValue" >
                  and ${criterion.condition} #{criterion.value} and #{criterion.secondValue}
                </when>
                <when test="criterion.listValue" >
                  and ${criterion.condition}
                  <foreach collection="criterion.value" item="listItem" open="(" close=")" separator="," >
                    #{listItem}
                  </foreach>
                </when>
              </choose>
            </foreach>
          </trim>
        </if>
      </foreach>
    </where>
  </sql>
  <sql id="Update_By_Example_Where_Clause" >
    <where >
      <foreach collection="example.oredCriteria" item="criteria" separator="or" >
        <if test="criteria.valid" >
          <trim prefix="(" suffix=")" prefixOverrides="and" >
            <foreach collection="criteria.criteria" item="criterion" >
              <choose >
                <when test="criterion.noValue" >
                  and ${criterion.condition}
                </when>
                <when test="criterion.singleValue" >
                  and ${criterion.condition} #{criterion.value}
                </when>
                <when test="criterion.betweenValue" >
                  and ${criterion.condition} #{criterion.value} and #{criterion.secondValue}
                </when>
                <when test="criterion.listValue" >
                  and ${criterion.condition}
                  <foreach collection="criterion.value" item="listItem" open="(" close=")" separator="," >
                    #{listItem}
                  </foreach>
                </when>
              </choose>
            </foreach>
          </trim>
        </if>
      </foreach>
    </where>
  </sql>
  <sql id="Base_Column_List" >
    com_id, com_name, com_ceo_name, com_pass
  </sql>
  <select id="selectByExample" resultMap="BaseResultMap" parameterType="com.ssm.po.CompanyExample" >
    select
    <if test="distinct" >
      distinct
    </if>
    <include refid="Base_Column_List" />
    from company
    <if test="_parameter != null" >
      <include refid="Example_Where_Clause" />
    </if>
    <if test="orderByClause != null" >
      order by ${orderByClause}
    </if>
  </select>
  <select id="selectByPrimaryKey" resultMap="BaseResultMap" parameterType="java.lang.Integer" >
    select 
    <include refid="Base_Column_List" />
    from company
    where com_id = #{comId,jdbcType=INTEGER}
  </select>
  <delete id="deleteByPrimaryKey" parameterType="java.lang.Integer" >
    delete from company
    where com_id = #{comId,jdbcType=INTEGER}
  </delete>
  <delete id="deleteByExample" parameterType="com.ssm.po.CompanyExample" >
    delete from company
    <if test="_parameter != null" >
      <include refid="Example_Where_Clause" />
    </if>
  </delete>
  <insert id="insert" parameterType="com.ssm.po.Company" >
    insert into company (com_id, com_name, com_ceo_name, 
      com_pass)
    values (#{comId,jdbcType=INTEGER}, #{comName,jdbcType=VARCHAR}, #{comCeoName,jdbcType=VARCHAR}, 
      #{comPass,jdbcType=VARCHAR})
  </insert>
  <insert id="insertSelective" parameterType="com.ssm.po.Company" >
    insert into company
    <trim prefix="(" suffix=")" suffixOverrides="," >
      <if test="comId != null" >
        com_id,
      </if>
      <if test="comName != null" >
        com_name,
      </if>
      <if test="comCeoName != null" >
        com_ceo_name,
      </if>
      <if test="comPass != null" >
        com_pass,
      </if>
    </trim>
    <trim prefix="values (" suffix=")" suffixOverrides="," >
      <if test="comId != null" >
        #{comId,jdbcType=INTEGER},
      </if>
      <if test="comName != null" >
        #{comName,jdbcType=VARCHAR},
      </if>
      <if test="comCeoName != null" >
        #{comCeoName,jdbcType=VARCHAR},
      </if>
      <if test="comPass != null" >
        #{comPass,jdbcType=VARCHAR},
      </if>
    </trim>
  </insert>
  <select id="countByExample" parameterType="com.ssm.po.CompanyExample" resultType="java.lang.Integer" >
    select count(*) from company
    <if test="_parameter != null" >
      <include refid="Example_Where_Clause" />
    </if>
  </select>
  <update id="updateByExampleSelective" parameterType="map" >
    update company
    <set >
      <if test="record.comId != null" >
        com_id = #{record.comId,jdbcType=INTEGER},
      </if>
      <if test="record.comName != null" >
        com_name = #{record.comName,jdbcType=VARCHAR},
      </if>
      <if test="record.comCeoName != null" >
        com_ceo_name = #{record.comCeoName,jdbcType=VARCHAR},
      </if>
      <if test="record.comPass != null" >
        com_pass = #{record.comPass,jdbcType=VARCHAR},
      </if>
    </set>
    <if test="_parameter != null" >
      <include refid="Update_By_Example_Where_Clause" />
    </if>
  </update>
  <update id="updateByExample" parameterType="map" >
    update company
    set com_id = #{record.comId,jdbcType=INTEGER},
      com_name = #{record.comName,jdbcType=VARCHAR},
      com_ceo_name = #{record.comCeoName,jdbcType=VARCHAR},
      com_pass = #{record.comPass,jdbcType=VARCHAR}
    <if test="_parameter != null" >
      <include refid="Update_By_Example_Where_Clause" />
    </if>
  </update>
  <update id="updateByPrimaryKeySelective" parameterType="com.ssm.po.Company" >
    update company
    <set >
      <if test="comName != null" >
        com_name = #{comName,jdbcType=VARCHAR},
      </if>
      <if test="comCeoName != null" >
        com_ceo_name = #{comCeoName,jdbcType=VARCHAR},
      </if>
      <if test="comPass != null" >
        com_pass = #{comPass,jdbcType=VARCHAR},
      </if>
    </set>
    where com_id = #{comId,jdbcType=INTEGER}
  </update>
  <update id="updateByPrimaryKey" parameterType="com.ssm.po.Company" >
    update company
    set com_name = #{comName,jdbcType=VARCHAR},
      com_ceo_name = #{comCeoName,jdbcType=VARCHAR},
      com_pass = #{comPass,jdbcType=VARCHAR}
    where com_id = #{comId,jdbcType=INTEGER}
  </update>
</mapper>