<?xml version="1.0" encoding="UTF-8" ?>
<!DOCTYPE mapper PUBLIC "-//mybatis.org//DTD Mapper 3.0//EN" "http://mybatis.org/dtd/mybatis-3-mapper.dtd" >
<mapper namespace="com.ssm.mapper.CompanyMapperCustom" >


  	<!-- 公司名称查重 -->
	<select id="checkCompanyName" parameterType="String" resultType="com.ssm.po.CompanyCustom">
		select 
		com_id comId,com_name comName,com_ceo_name comCeoName
		from 
		company 
		where 
		com_name=#{name}
	</select>

	<!-- 公司注册 -->
  	<insert id="companyRegister" parameterType="com.ssm.po.CompanyCustom">
		<selectKey keyProperty="comId" order="AFTER" resultType="int">
			SELECT LAST_INSERT_ID()
		</selectKey>
		insert into company(com_name,com_ceo_name,com_pass) values(#{comName},#{comCeoName},#{comPass})
  	</insert>
  	
  	<!-- 公司登录 -->
  	<select id="companyLogin" parameterType="com.ssm.po.CompanyCustom" resultType="com.ssm.po.CompanyCustom">
  		  select 
  		  com_id comId,com_name comName,com_ceo_name comCeoName
  		  from 
  		  company 
  		  where 
  		  com_name=#{comName} and com_pass=#{comPass}
  	</select>
  	
  	

  	
  	
	<!-- 修改 -->
	 <update id="updateCompany" parameterType="com.ssm.po.CompanyCustom" >
		update company
		set com_pass = #{comPassNew},com_pass = #{comName}
		where com_id = #{comId}
	</update> 
  	
  
</mapper>