<?xml version="1.0" encoding="UTF-8" ?>
<!DOCTYPE mapper PUBLIC "-//mybatis.org//DTD Mapper 3.0//EN" "http://mybatis.org/dtd/mybatis-3-mapper.dtd" >
<mapper namespace="com.ssm.mapper.DemandMapperCustom" >

  	
  	
	<!-- 用户发布需求 -->
	<insert id="userAddDemand" parameterType="com.ssm.po.DemandCustom">
		<selectKey keyProperty="demandId" order="AFTER" resultType="java.lang.Integer">
			SELECT LAST_INSERT_ID()
		</selectKey>
		insert into demand(user_id,demand_title,demand_type,demand_detail,demand_time) 
		values(#{userId},#{demandTitle},#{demandType},#{demandDetail},#{demandTime}) 
	</insert>
	
	<!-- 根据id查询发布的需求 -->
  	<select id="findDemandById" parameterType="java.lang.Integer" resultType="com.ssm.po.DemandCustom">
  	    select
  	    demand_id demandId,user_id userId,demand_title demandTitle,
  	    demand_type demandType,demand_detail demandDetail,
  	    demand_time demandTime
  	    from demand where demand_id = #{demandId}
  	</select>
	
	<!-- 根据demandTitle模糊查询需求 -->
	<select id="findDemandByDemandTitle" parameterType="java.lang.String" resultType="com.ssm.po.DemandCustom">
		select 
		demand_id demandId,
		user_name userName,
		type1.type_name first_type_name,
		type2.type_name second_type_Nmae,
		demand_title demandTitle,
		demand_detail demandDetail,
		demand_time demandTime 
		from 
		demand,user,type1,type2
		where  
		demand.user_id=user.user_id and demand_type=type2.sec_type_id and type1.first_type_id=type2.type_first_id and demand_title LIKE '%${value}%'
	 	order by demand_time desc
	</select>
  	 
	<!-- 查询最新的10条需求  -->
	<select id="findLatestDemand" resultType="com.ssm.po.DemandCustom">
		select  
		demand_id demandId,
		user_name userName,
		type1.type_name first_type_name,
		type2.type_name second_type_Nmae,
		demand_title demandTitle,
		demand_detail demandDetail,
		demand_time demandTime
		from 
		demand,user,type1,type2
		where 
		demand.user_id=user.user_id and demand_type=type2.sec_type_id and type1.first_type_id=type2.type_first_id
		order by demand_time desc LIMIT 10
    </select>
    
	<!-- 查询一个用户发布的所有需求 -->
	<select id="findUserAllDemand" parameterType="java.lang.Integer" resultMap="findUserAllDemandResultMap">
		select 
		demand.*,type1.type_name name,type2.*
		from
		demand,type1,type2
		where
		demand.user_id = #{value} and demand.demand_type = type2.sec_type_id and type1.first_type_id = type2.type_first_id 
	</select>
	
	<!-- 查询发布的type2的所有需求 -->
	<select id="findDemandByType2Id" parameterType="java.lang.Integer" resultMap="findUserAllDemandResultMap">
		select 
		demand.*,type1.type_name name,type2.*
		from
		demand,type1,type2
		where
		demand.demand_type=#{value} and demand.demand_type = type2.sec_type_id and type1.first_type_id = type2.type_first_id 
	</select>
	
	<select id="findDemandByType2Name" parameterType="java.lang.String" resultType="com.ssm.po.DemandCustom">
		select  
		demand_id demandId,
		user_name userName,
		type1.type_name first_type_name,
		type2.type_name second_type_Nmae,
		demand_title demandTitle,
		demand_detail demandDetail,
		demand_time demandTime
		from 
		demand,user,type1,type2
		where 
		demand.user_id=user.user_id and demand_type=type2.sec_type_id and type1.first_type_id=type2.type_first_id and type2.type_name=#{value}
		
	</select>
	
	
	<select id="findDemandByType1Name" parameterType="java.lang.String" resultType="com.ssm.po.DemandCustom">
		select  
		demand_id demandId,
		user_name userName,
		type1.type_name first_type_name,
		type2.type_name second_type_Nmae,
		demand_title demandTitle,
		demand_detail demandDetail,
		demand_time demandTime
		from 
		demand,user,type1,type2
		where 
		demand.user_id=user.user_id and demand_type=type2.sec_type_id and type1.first_type_id=type2.type_first_id and type1.type_name=#{value}
		
	</select>
	
	
	
	<!-- 查询用户及发布的需求信息的resultmap -->
	<resultMap type="com.ssm.po.DemandCustom" id="findUserAllDemandResultMap">
	 	<id column="demand_id" property="demandId"/>
		<result column="user_id" property="userId"/>
		<result column="demand_title" property="demandTitle"/>
		<result column="demand_type" property="demandType"/>
		<result column="demand_detail" property="demandDetail"/>
		<result column="demand_time" property="demandTime"/>
		<association  property="type2Custom" javaType="com.ssm.po.Type2Custom">
	    	<id column="sec_type_id" property="secTypeId"/>
			<result column="type_name" property="typeName"/>
			<result column="type_first_id" property="typeFirstId"/>
			<association  property="type1Custom" javaType="com.ssm.po.Type1Custom">
				<id column="type_first_id " property="firstTypeId"/>
				<result column="name" property="typeName"/>
			</association>
	    </association>
	</resultMap>
  	
  	<!-- 根据id删除需求 -->
  	<delete id="deleteDemandById" parameterType="java.lang.Integer">
  		 delete from demand where demand_id=#{value}
  	</delete>
  	
  	<!-- 2.删除需求 -->
<!--   	<delete id="deleteDemandById" parameterType="java.lang.Integer">
  		 delete from demand where demand_id=#{demandId}
  	</delete> -->
  	
  	
  	
  	<!-- 3.用户修改需求 -->
<!--   	<update  id="updateDemandById" parameterType="com.ssm.po.DemandQueryVo">
  	  update 
  	  		demand 
  	  set  
  	        demand_title=#{demandCustom.demandTitle},
  	        demand_type=#{demandCustom.demandType},
  	     	demand_detail=#{demandCustom.demandDetail}
  	  where 
  	  		demand_id = #{demandCustom.demandId}
  	</update> -->
  	
  	
  	
  	
  	<!-- 4.需求查询    根据需求id -->
<!--   	<select id="findDemandById"  parameterType="java.lang.Integer"  resultType="com.ssm.po.DemandCustom">
  	    select * from demand where demand_id=#{demandId}
  	</select> -->
  	
  	
  	<!-- 5.需求查询    根据demandTitle关键字模糊查询 -->
<!--   	<select id="findDemandByDemandTitle" parameterType="java.lang.String"  resultType="com.ssm.po.DemandCustom">
  	    select
  	    	 * 
  	    from 
  	    	 demand  
  	    where  
  	         demand_title LIKE '%${_parameter}%'
   			 
  	</select> -->
  	 
   		
   		
    <!-- 6.查询用户及发布的需求信息，使用resultmap -->
<!-- 	<select id="findUserAndDemandsResultMap" resultMap="UserAndDemandsResultMap">
		select 
			  user.user_name,
			  demand.*
		from
			  user,
			  demand
		where 
			  demand.user_id = user.user_id 
	</select> -->
	
	 <!-- 查询用户及发布的需求信息的resultmap -->
<!-- 	<resultMap type="com.ssm.po.UserCustom" id="UserAndDemandsResultMap">
		用户信息
		<id column="user_id" property="userId"/>
		<result column="user_name" property="userName"/>
		<result column="user_pass" property="userPass"/>
		
		需求信息
		     一个用户对应多个需求，使用collection映射
		
		 <collection property="demandList" ofType="com.ssm.po.DemandCustom">
		 	<id column="id" property="id"/>
		 	<result column="demand_id" property="demandId"/>
			<result column="user_id" property="userId"/>
			<result column="demand_title" property="demandTitle"/>
			<result column="demand_type" property="demandType"/>
			<result column="demand_detail" property="demandDetail"/>
			<result column="demand_time" property="demandTime"/>
		 </collection>
	</resultMap> -->
    
    
    
    	<!-- 7.需求列表查询 -->
  	   		 <!-- parameterType传入包装对象(包装了查询条件),resultType建议使用扩展对象 -->
  	<!-- <select id="findDemandList" parameterType="com.ssm.po.DemandQueryVo"
  		 resultType="com.ssm.po.DemandCustom">
  		select demand.* from demand -->
  		<!-- <where>
  			<include refid="query_demands_where"></include>
  		</where> -->
  <!-- 	</select> -->
  	
  	<!-- 定义需求查询的sql片段，就是需求查询条件 -->
   <!--  <sql id="query_demands_where"> -->
			   	<!-- 使用动态sql，通过if判断，满足条件进行sql拼接 -->
			   	<!-- 商品查询条件通过DemandQueryVo包装对象 中demandCustom属性传递 -->
   		<!-- <if test="demandCustom!=null">
   			<if test="demandCustom.demandId!=null and demandCustom.demandId!=''">
   				demandCustom.demandId LIKE '%${demandCustom.demandId}%'
   			</if>
   		</if>
    </sql> -->
    
  	
</mapper>