<?xml version="1.0" encoding="UTF-8" ?>
<!DOCTYPE mapper PUBLIC "-//mybatis.org//DTD Mapper 3.0//EN" "http://mybatis.org/dtd/mybatis-3-mapper.dtd" >
<mapper namespace="com.ssm.mapper.DemandMapper" >
  <resultMap id="BaseResultMap" type="com.ssm.po.Demand" >
    <id column="demand_id" property="demandId" jdbcType="INTEGER" />
    <result column="user_id" property="userId" jdbcType="INTEGER" />
    <result column="demand_title" property="demandTitle" jdbcType="VARCHAR" />
    <result column="demand_type" property="demandType" jdbcType="INTEGER" />
    <result column="demand_detail" property="demandDetail" jdbcType="VARCHAR" />
    <result column="demand_time" property="demandTime" jdbcType="TIMESTAMP" />
  </resultMap>
  <sql id="Example_Where_Clause" >
    <where >
      <foreach collection="oredCriteria" item="criteria" separator="or" >
        <if test="criteria.valid" >
          <trim prefix="(" suffix=")" prefixOverrides="and" >
            <foreach collection="criteria.criteria" item="criterion" >
              <choose >
                <when test="criterion.noValue" >
                  and ${criterion.condition}
                </when>
                <when test="criterion.singleValue" >
                  and ${criterion.condition} #{criterion.value}
                </when>
                <when test="criterion.betweenValue" >
                  and ${criterion.condition} #{criterion.value} and #{criterion.secondValue}
                </when>
                <when test="criterion.listValue" >
                  and ${criterion.condition}
                  <foreach collection="criterion.value" item="listItem" open="(" close=")" separator="," >
                    #{listItem}
                  </foreach>
                </when>
              </choose>
            </foreach>
          </trim>
        </if>
      </foreach>
    </where>
  </sql>
  <sql id="Update_By_Example_Where_Clause" >
    <where >
      <foreach collection="example.oredCriteria" item="criteria" separator="or" >
        <if test="criteria.valid" >
          <trim prefix="(" suffix=")" prefixOverrides="and" >
            <foreach collection="criteria.criteria" item="criterion" >
              <choose >
                <when test="criterion.noValue" >
                  and ${criterion.condition}
                </when>
                <when test="criterion.singleValue" >
                  and ${criterion.condition} #{criterion.value}
                </when>
                <when test="criterion.betweenValue" >
                  and ${criterion.condition} #{criterion.value} and #{criterion.secondValue}
                </when>
                <when test="criterion.listValue" >
                  and ${criterion.condition}
                  <foreach collection="criterion.value" item="listItem" open="(" close=")" separator="," >
                    #{listItem}
                  </foreach>
                </when>
              </choose>
            </foreach>
          </trim>
        </if>
      </foreach>
    </where>
  </sql>
  <sql id="Base_Column_List" >
    demand_id, user_id, demand_title, demand_type, demand_detail, demand_time
  </sql>
  <select id="selectByExample" resultMap="BaseResultMap" parameterType="com.ssm.po.DemandExample" >
    select
    <if test="distinct" >
      distinct
    </if>
    <include refid="Base_Column_List" />
    from demand
    <if test="_parameter != null" >
      <include refid="Example_Where_Clause" />
    </if>
    <if test="orderByClause != null" >
      order by ${orderByClause}
    </if>
  </select>
  <select id="selectByPrimaryKey" resultMap="BaseResultMap" parameterType="java.lang.Integer" >
    select 
    <include refid="Base_Column_List" />
    from demand
    where demand_id = #{demandId,jdbcType=INTEGER}
  </select>
  <delete id="deleteByPrimaryKey" parameterType="java.lang.Integer" >
    delete from demand
    where demand_id = #{demandId,jdbcType=INTEGER}
  </delete>
  <delete id="deleteByExample" parameterType="com.ssm.po.DemandExample" >
    delete from demand
    <if test="_parameter != null" >
      <include refid="Example_Where_Clause" />
    </if>
  </delete>
  <insert id="insert" parameterType="com.ssm.po.Demand" >
    insert into demand (demand_id, user_id, demand_title, 
      demand_type, demand_detail, demand_time
      )
    values (#{demandId,jdbcType=INTEGER}, #{userId,jdbcType=INTEGER}, #{demandTitle,jdbcType=VARCHAR}, 
      #{demandType,jdbcType=INTEGER}, #{demandDetail,jdbcType=VARCHAR}, #{demandTime,jdbcType=TIMESTAMP}
      )
  </insert>
  <insert id="insertSelective" parameterType="com.ssm.po.Demand" >
    insert into demand
    <trim prefix="(" suffix=")" suffixOverrides="," >
      <if test="demandId != null" >
        demand_id,
      </if>
      <if test="userId != null" >
        user_id,
      </if>
      <if test="demandTitle != null" >
        demand_title,
      </if>
      <if test="demandType != null" >
        demand_type,
      </if>
      <if test="demandDetail != null" >
        demand_detail,
      </if>
      <if test="demandTime != null" >
        demand_time,
      </if>
    </trim>
    <trim prefix="values (" suffix=")" suffixOverrides="," >
      <if test="demandId != null" >
        #{demandId,jdbcType=INTEGER},
      </if>
      <if test="userId != null" >
        #{userId,jdbcType=INTEGER},
      </if>
      <if test="demandTitle != null" >
        #{demandTitle,jdbcType=VARCHAR},
      </if>
      <if test="demandType != null" >
        #{demandType,jdbcType=INTEGER},
      </if>
      <if test="demandDetail != null" >
        #{demandDetail,jdbcType=VARCHAR},
      </if>
      <if test="demandTime != null" >
        #{demandTime,jdbcType=TIMESTAMP},
      </if>
    </trim>
  </insert>
  <select id="countByExample" parameterType="com.ssm.po.DemandExample" resultType="java.lang.Integer" >
    select count(*) from demand
    <if test="_parameter != null" >
      <include refid="Example_Where_Clause" />
    </if>
  </select>
  <update id="updateByExampleSelective" parameterType="map" >
    update demand
    <set >
      <if test="record.demandId != null" >
        demand_id = #{record.demandId,jdbcType=INTEGER},
      </if>
      <if test="record.userId != null" >
        user_id = #{record.userId,jdbcType=INTEGER},
      </if>
      <if test="record.demandTitle != null" >
        demand_title = #{record.demandTitle,jdbcType=VARCHAR},
      </if>
      <if test="record.demandType != null" >
        demand_type = #{record.demandType,jdbcType=INTEGER},
      </if>
      <if test="record.demandDetail != null" >
        demand_detail = #{record.demandDetail,jdbcType=VARCHAR},
      </if>
      <if test="record.demandTime != null" >
        demand_time = #{record.demandTime,jdbcType=TIMESTAMP},
      </if>
    </set>
    <if test="_parameter != null" >
      <include refid="Update_By_Example_Where_Clause" />
    </if>
  </update>
  <update id="updateByExample" parameterType="map" >
    update demand
    set demand_id = #{record.demandId,jdbcType=INTEGER},
      user_id = #{record.userId,jdbcType=INTEGER},
      demand_title = #{record.demandTitle,jdbcType=VARCHAR},
      demand_type = #{record.demandType,jdbcType=INTEGER},
      demand_detail = #{record.demandDetail,jdbcType=VARCHAR},
      demand_time = #{record.demandTime,jdbcType=TIMESTAMP}
    <if test="_parameter != null" >
      <include refid="Update_By_Example_Where_Clause" />
    </if>
  </update>
  <update id="updateByPrimaryKeySelective" parameterType="com.ssm.po.Demand" >
    update demand
    <set >
      <if test="userId != null" >
        user_id = #{userId,jdbcType=INTEGER},
      </if>
      <if test="demandTitle != null" >
        demand_title = #{demandTitle,jdbcType=VARCHAR},
      </if>
      <if test="demandType != null" >
        demand_type = #{demandType,jdbcType=INTEGER},
      </if>
      <if test="demandDetail != null" >
        demand_detail = #{demandDetail,jdbcType=VARCHAR},
      </if>
      <if test="demandTime != null" >
        demand_time = #{demandTime,jdbcType=TIMESTAMP},
      </if>
    </set>
    where demand_id = #{demandId,jdbcType=INTEGER}
  </update>
  <update id="updateByPrimaryKey" parameterType="com.ssm.po.Demand" >
    update demand
    set user_id = #{userId,jdbcType=INTEGER},
      demand_title = #{demandTitle,jdbcType=VARCHAR},
      demand_type = #{demandType,jdbcType=INTEGER},
      demand_detail = #{demandDetail,jdbcType=VARCHAR},
      demand_time = #{demandTime,jdbcType=TIMESTAMP}
    where demand_id = #{demandId,jdbcType=INTEGER}
  </update>
</mapper>