<?xml version="1.0" encoding="UTF-8" ?>
<!DOCTYPE mapper PUBLIC "-//mybatis.org//DTD Mapper 3.0//EN" "http://mybatis.org/dtd/mybatis-3-mapper.dtd" >
<mapper namespace="com.ssm.mapper.OrderMapperCustom" >
   
    
    <!-- 添加order -->
	<insert id="addOrder" parameterType="com.ssm.po.OrderCustom">
		<selectKey keyProperty="orderId" order="AFTER" resultType="java.lang.Integer">
			SELECT LAST_INSERT_ID()
		</selectKey>
		insert into `order`(order_time,user_name,demand_title,demand_detail,com_name,type1Name,type2Name,demand_id,service_id) 
		values (#{orderTime},#{userName},#{demandTitle},#{demandDetail},#{comName},#{type1Name},#{type2Name},#{demandId},#{serviceId})
  	</insert>
    
    <!-- 根据会员名称查询order -->
    <select id="findOrderByUserName" parameterType="String" resultType="com.ssm.po.OrderCustom">
    select
    order_id orderId,
    order_time orderTime,
    user_name userName,
    demand_title demandTitle,
    demand_detail demandDetail,
    com_name comName,
    type1name type1Name,
    type2name type2Name,
    demand_id demandId
    from `order` where user_name=#{value}
    </select>
    
	<!-- 根据公司名称查询order -->
	<select id="findOrderByCompanyName" parameterType="String" resultType="com.ssm.po.OrderCustom">
    select
    order_id orderId,
    order_time orderTime,
    user_name userName,
    demand_title demandTitle,
    demand_detail demandDetail,
    com_name comName,
    type1name type1Name,
    type2name type2Name,
    demand_id demandId
    from `order` where com_name=#{value}
    </select>
    
    
    
    
    
    
    
    
    
    <!-- order查询的sql -->
    <sql id="orderQuerySQL">
        order.demand_id = demand.demand_id
        and order.service_id = service.service_id
        and service.com_id = company.com_id
        and demand.user_id = user.user_id
       	and demand.demand_type = type2.sec_type_id
        and type1.first_type_id = type2.type_first_id 
    </sql>
  	
  	<!-- 添加order2 -->
	<insert id="addOrder2" parameterType="com.ssm.po.OrderCustom">
		<selectKey keyProperty="orderId" order="AFTER" resultType="java.lang.Integer">
			SELECT LAST_INSERT_ID()
		</selectKey>
		insert into order(demand_id,service_id,order_time) 
		values (#{demandId},#{serviceId},#{orderTime})
  	</insert>
  	
  	
  	<!-- order查重 -->
  	<select id="checkOrders" parameterType="com.ssm.po.OrderCustom" resultType="com.ssm.po.OrderCustom">
  	select 
  		order_id orderId,
  		demand_id demandId,
  		service_id serviceId,
  		order_time orderTime
  	from 
  		`order`
  	<where>
		<if test="demandId !=null and demandId !=''">
			demand_id=#{demandId}
		</if>
		<if test="serviceId !=null and serviceId !=''">
			and service_id=#{serviceId}
		</if>
		</where> 
  	</select>
  	
  	
  	<!-- 2.删除order -->
  	<delete id="deleteOrderById" parameterType="java.lang.Integer">
  		 delete from order 
  		 <where>
  		 	<if test="value !=null and value !=''">
  		 		order_id=#{value}
  		 	</if>
  		 </where> 
  	</delete>
  	
  	<!-- 3.查询与用户相关的所有订单 -->
  	<select id="findUserAllOrders" parameterType="java.lang.Integer" resultType="com.ssm.po.OrderCustom">
	select 
	        user.user_name,
	        company.com_name,
	        demand.demand_title,
	        service.service_title,
	        type1.type_name type1_name,
	        type2.type_name type2_name,
	        order.order_time orderTime
	from
	        user,
	        company,
	        demand,
	        service,
	        type1,
	        type2,
	       `order`
	<where>
	    	<include refid="orderQuerySQL"></include>
	    	<if test="value !=null and value !=''">
  			 	and user.user_id = #{value}
  		    </if>
	</where> 
	</select>
    
    
    <!-- 4.查询与服务商相关的所有订单 -->
  	<select id="findCompanyAllOrders" parameterType="java.lang.Integer" resultType="com.ssm.po.OrderCustom">
	select
		    user.user_name,
	        company.com_name,
	        demand.demand_title,
	        service.service_title,
	        type1.type_name type1_name,
	        type2.type_name type2_name,
	        order.order_time orderTime
	from
	        user,
	        company,
	        demand,
	        service,
	        type1,
	        type2,
	       `order`
	<where>
	    	<include refid="orderQuerySQL"></include>
	    	<if test="value !=null and value !=''">
  			 	and company.com_id = #{value}
  		    </if>
	</where> 
	</select>
  	
</mapper>