<?xml version="1.0" encoding="UTF-8" ?>
<!DOCTYPE mapper PUBLIC "-//mybatis.org//DTD Mapper 3.0//EN" "http://mybatis.org/dtd/mybatis-3-mapper.dtd" >
<mapper namespace="com.ssm.mapper.ServiceMapper" >
  <resultMap id="BaseResultMap" type="com.ssm.po.Service" >
    <id column="service_id" property="serviceId" jdbcType="INTEGER" />
    <result column="com_id" property="comId" jdbcType="INTEGER" />
    <result column="service_title" property="serviceTitle" jdbcType="VARCHAR" />
    <result column="service_type" property="serviceType" jdbcType="INTEGER" />
    <result column="service_detail" property="serviceDetail" jdbcType="VARCHAR" />
    <result column="service_time" property="serviceTime" jdbcType="TIMESTAMP" />
  </resultMap>
  <sql id="Example_Where_Clause" >
    <where >
      <foreach collection="oredCriteria" item="criteria" separator="or" >
        <if test="criteria.valid" >
          <trim prefix="(" suffix=")" prefixOverrides="and" >
            <foreach collection="criteria.criteria" item="criterion" >
              <choose >
                <when test="criterion.noValue" >
                  and ${criterion.condition}
                </when>
                <when test="criterion.singleValue" >
                  and ${criterion.condition} #{criterion.value}
                </when>
                <when test="criterion.betweenValue" >
                  and ${criterion.condition} #{criterion.value} and #{criterion.secondValue}
                </when>
                <when test="criterion.listValue" >
                  and ${criterion.condition}
                  <foreach collection="criterion.value" item="listItem" open="(" close=")" separator="," >
                    #{listItem}
                  </foreach>
                </when>
              </choose>
            </foreach>
          </trim>
        </if>
      </foreach>
    </where>
  </sql>
  <sql id="Update_By_Example_Where_Clause" >
    <where >
      <foreach collection="example.oredCriteria" item="criteria" separator="or" >
        <if test="criteria.valid" >
          <trim prefix="(" suffix=")" prefixOverrides="and" >
            <foreach collection="criteria.criteria" item="criterion" >
              <choose >
                <when test="criterion.noValue" >
                  and ${criterion.condition}
                </when>
                <when test="criterion.singleValue" >
                  and ${criterion.condition} #{criterion.value}
                </when>
                <when test="criterion.betweenValue" >
                  and ${criterion.condition} #{criterion.value} and #{criterion.secondValue}
                </when>
                <when test="criterion.listValue" >
                  and ${criterion.condition}
                  <foreach collection="criterion.value" item="listItem" open="(" close=")" separator="," >
                    #{listItem}
                  </foreach>
                </when>
              </choose>
            </foreach>
          </trim>
        </if>
      </foreach>
    </where>
  </sql>
  <sql id="Base_Column_List" >
    service_id, com_id, service_title, service_type, service_detail, service_time
  </sql>
  <select id="selectByExample" resultMap="BaseResultMap" parameterType="com.ssm.po.ServiceExample" >
    select
    <if test="distinct" >
      distinct
    </if>
    <include refid="Base_Column_List" />
    from service
    <if test="_parameter != null" >
      <include refid="Example_Where_Clause" />
    </if>
    <if test="orderByClause != null" >
      order by ${orderByClause}
    </if>
  </select>
  <select id="selectByPrimaryKey" resultMap="BaseResultMap" parameterType="java.lang.Integer" >
    select 
    <include refid="Base_Column_List" />
    from service
    where service_id = #{serviceId,jdbcType=INTEGER}
  </select>
  <delete id="deleteByPrimaryKey" parameterType="java.lang.Integer" >
    delete from service
    where service_id = #{serviceId,jdbcType=INTEGER}
  </delete>
  <delete id="deleteByExample" parameterType="com.ssm.po.ServiceExample" >
    delete from service
    <if test="_parameter != null" >
      <include refid="Example_Where_Clause" />
    </if>
  </delete>
  <insert id="insert" parameterType="com.ssm.po.Service" >
    insert into service (service_id, com_id, service_title, 
      service_type, service_detail, service_time
      )
    values (#{serviceId,jdbcType=INTEGER}, #{comId,jdbcType=INTEGER}, #{serviceTitle,jdbcType=VARCHAR}, 
      #{serviceType,jdbcType=INTEGER}, #{serviceDetail,jdbcType=VARCHAR}, #{serviceTime,jdbcType=TIMESTAMP}
      )
  </insert>
  <insert id="insertSelective" parameterType="com.ssm.po.Service" >
    insert into service
    <trim prefix="(" suffix=")" suffixOverrides="," >
      <if test="serviceId != null" >
        service_id,
      </if>
      <if test="comId != null" >
        com_id,
      </if>
      <if test="serviceTitle != null" >
        service_title,
      </if>
      <if test="serviceType != null" >
        service_type,
      </if>
      <if test="serviceDetail != null" >
        service_detail,
      </if>
      <if test="serviceTime != null" >
        service_time,
      </if>
    </trim>
    <trim prefix="values (" suffix=")" suffixOverrides="," >
      <if test="serviceId != null" >
        #{serviceId,jdbcType=INTEGER},
      </if>
      <if test="comId != null" >
        #{comId,jdbcType=INTEGER},
      </if>
      <if test="serviceTitle != null" >
        #{serviceTitle,jdbcType=VARCHAR},
      </if>
      <if test="serviceType != null" >
        #{serviceType,jdbcType=INTEGER},
      </if>
      <if test="serviceDetail != null" >
        #{serviceDetail,jdbcType=VARCHAR},
      </if>
      <if test="serviceTime != null" >
        #{serviceTime,jdbcType=TIMESTAMP},
      </if>
    </trim>
  </insert>
  <select id="countByExample" parameterType="com.ssm.po.ServiceExample" resultType="java.lang.Integer" >
    select count(*) from service
    <if test="_parameter != null" >
      <include refid="Example_Where_Clause" />
    </if>
  </select>
  <update id="updateByExampleSelective" parameterType="map" >
    update service
    <set >
      <if test="record.serviceId != null" >
        service_id = #{record.serviceId,jdbcType=INTEGER},
      </if>
      <if test="record.comId != null" >
        com_id = #{record.comId,jdbcType=INTEGER},
      </if>
      <if test="record.serviceTitle != null" >
        service_title = #{record.serviceTitle,jdbcType=VARCHAR},
      </if>
      <if test="record.serviceType != null" >
        service_type = #{record.serviceType,jdbcType=INTEGER},
      </if>
      <if test="record.serviceDetail != null" >
        service_detail = #{record.serviceDetail,jdbcType=VARCHAR},
      </if>
      <if test="record.serviceTime != null" >
        service_time = #{record.serviceTime,jdbcType=TIMESTAMP},
      </if>
    </set>
    <if test="_parameter != null" >
      <include refid="Update_By_Example_Where_Clause" />
    </if>
  </update>
  <update id="updateByExample" parameterType="map" >
    update service
    set service_id = #{record.serviceId,jdbcType=INTEGER},
      com_id = #{record.comId,jdbcType=INTEGER},
      service_title = #{record.serviceTitle,jdbcType=VARCHAR},
      service_type = #{record.serviceType,jdbcType=INTEGER},
      service_detail = #{record.serviceDetail,jdbcType=VARCHAR},
      service_time = #{record.serviceTime,jdbcType=TIMESTAMP}
    <if test="_parameter != null" >
      <include refid="Update_By_Example_Where_Clause" />
    </if>
  </update>
  <update id="updateByPrimaryKeySelective" parameterType="com.ssm.po.Service" >
    update service
    <set >
      <if test="comId != null" >
        com_id = #{comId,jdbcType=INTEGER},
      </if>
      <if test="serviceTitle != null" >
        service_title = #{serviceTitle,jdbcType=VARCHAR},
      </if>
      <if test="serviceType != null" >
        service_type = #{serviceType,jdbcType=INTEGER},
      </if>
      <if test="serviceDetail != null" >
        service_detail = #{serviceDetail,jdbcType=VARCHAR},
      </if>
      <if test="serviceTime != null" >
        service_time = #{serviceTime,jdbcType=TIMESTAMP},
      </if>
    </set>
    where service_id = #{serviceId,jdbcType=INTEGER}
  </update>
  <update id="updateByPrimaryKey" parameterType="com.ssm.po.Service" >
    update service
    set com_id = #{comId,jdbcType=INTEGER},
      service_title = #{serviceTitle,jdbcType=VARCHAR},
      service_type = #{serviceType,jdbcType=INTEGER},
      service_detail = #{serviceDetail,jdbcType=VARCHAR},
      service_time = #{serviceTime,jdbcType=TIMESTAMP}
    where service_id = #{serviceId,jdbcType=INTEGER}
  </update>
</mapper>