<?xml version="1.0" encoding="UTF-8" ?>
<!DOCTYPE mapper PUBLIC "-//mybatis.org//DTD Mapper 3.0//EN" "http://mybatis.org/dtd/mybatis-3-mapper.dtd" >
<mapper namespace="com.ssm.mapper.ServiceMapperCustom" >

  	
  	
  	<!-- 公司发布服务 -->
  	<insert id="companyAddService" parameterType="com.ssm.po.ServiceCustom">
		<selectKey keyProperty="serviceId" order="AFTER" resultType="java.lang.Integer">
			SELECT LAST_INSERT_ID()
		</selectKey>
		insert into service(com_id,service_title,service_type,service_detail,service_time) 
		values(#{comId},#{serviceTitle},#{serviceType},#{serviceDetail},#{serviceTime}) 
  	</insert>
  	

	<!-- 查询一个公司发布的所有服务 -->
	<select id="findCompanyAllService" parameterType="java.lang.Integer" resultMap="findCompanyAllServiceResultMap">
		select
	    service.*,type1.type_name name,type2.*
		from
		service,type1,type2
		where  
		service.com_id = #{value} and service.service_type = type2.sec_type_id and type1.first_type_id = type2.type_first_id 
	</select>
  	<resultMap type="com.ssm.po.ServiceCustom" id="findCompanyAllServiceResultMap">
		<id column="service_id" property="serviceId"/>
		<result column="com_id" property="comId"/>
		<result column="service_title" property="serviceTitle"/>
		<result column="service_type" property="serviceType"/>
		<result column="service_time" property="serviceTime"/>
		<result column="service_detail" property="serviceDetail"/>
		<association property="type2Custom" javaType="com.ssm.po.Type2Custom">
			<id column="sec_type_id" property="secTypeId"/>
			<result column="type_name" property="typeName"/>
			<result column="type_first_id" property="typeFirstId"/>
			<association property="type1Custom" javaType="com.ssm.po.Type1Custom">
				<id column="type_first_id" property="firstTypeId"/>
				<result column="name" property="typeName"/>
			</association>
		</association>
	</resultMap>
  	
  	<!-- 根据id删除 -->
  	<delete id="deleteServiceById" parameterType="int">
  		DELETE from service where service_id = #{value}
  	</delete>
</mapper>