<?xml version="1.0" encoding="UTF-8" ?>
<!DOCTYPE mapper PUBLIC "-//mybatis.org//DTD Mapper 3.0//EN" "http://mybatis.org/dtd/mybatis-3-mapper.dtd" >
<mapper namespace="com.ssm.mapper.Type1MapperCustom" >

	<!-- 一个type1类型对应多个type2类型 -->
	<resultMap type="com.ssm.po.Type1Custom" id="DemandAndService2ResultMap" >
		<id column="first_type_id" property="firstTypeId"/>
		<result column="type_name" property="typeName"/>
		<collection property="type2Customlist" ofType="com.ssm.po.Type2Custom">
			<id column="sec_type_id" property="secTypeId"/>
			<result column="sec_type_name" property="typeName"/>
			<result column="first_type_id" property="typeFirstId"/>
		</collection>
	</resultMap>
			
	<!-- 查询一级类型的列表 -->
	<select id="DemandAndService1"  resultType="com.ssm.po.Type1Custom">
		select
		first_type_id firstTypeId,type_name typeName
		from
		type1
	</select>
	<!-- 根据一级类型的名称，查询一级类型的对象 -->
	<select id="DemandAndService2" parameterType="String" resultMap="DemandAndService2ResultMap">
		select
		type1.*,type2.sec_type_id,type2.type_name sec_type_name
		from
		type1,type2
		where
		type1.first_type_id = type2.type_first_id and type1.type_name = #{name}
	</select>

		
</mapper>