<?xml version="1.0" encoding="UTF-8" ?>
<!DOCTYPE mapper PUBLIC "-//mybatis.org//DTD Mapper 3.0//EN" "http://mybatis.org/dtd/mybatis-3-mapper.dtd" >
<mapper namespace="com.ssm.mapper.UserMapperCustom" >

  	<!-- 用户名称查重 -->
	<select id="checkUserName" parameterType="String" resultType="com.ssm.po.UserCustom">
		select 
		user_id userId,user_name userName
		from 
		user 
		where 
		user_name=#{name}
	</select>
  	
  	<!-- 用户注册 -->
  	<insert id="userRegister" parameterType="com.ssm.po.UserCustom">
		<selectKey keyProperty="userId" order="AFTER" resultType="int">
			SELECT LAST_INSERT_ID()
		</selectKey>
		insert into user(user_name,user_pass) values(#{userName},#{userPass}) 
  	</insert>
  	
  	<!-- 用户登录 -->
  	<select id="userLogin" parameterType="com.ssm.po.UserCustom" resultType="com.ssm.po.UserCustom">
  		select 
  		user_id userId,user_name userName
  		from 
  		user 
  		where 
  		user_name=#{userName} and user_pass=#{userPass}
  	</select>
  	
  	
  	<!-- 修改 -->
  	 <update id="updateUser" parameterType="com.ssm.po.UserCustom">
  		 update user
    	 set user_name = #{userName},user_pass = #{userPassNew}
    	 where user_id = #{userId}
  	</update> 
  	
  	
</mapper>