<?xml version="1.0" encoding="UTF-8"?>
<beans xmlns="http://www.springframework.org/schema/beans"
	xmlns:xsi="http://www.w3.org/2001/XMLSchema-instance"
	xmlns:context="http://www.springframework.org/schema/context"
	xmlns:aop="http://www.springframework.org/schema/aop"
	xmlns:tx="http://www.springframework.org/schema/tx"
	xsi:schemaLocation="http://www.springframework.org/schema/beans 
	http://www.springframework.org/schema/beans/spring-beans-4.3.xsd
	http://www.springframework.org/schema/context
	http://www.springframework.org/schema/context/spring-context.xsd
	http://www.springframework.org/schema/aop
	http://www.springframework.org/schema/aop/spring-aop-4.3.xsd
	http://www.springframework.org/schema/tx
	http://www.springframework.org/schema/tx/spring-tx.xsd">
	
	<!-- 配置事务管理器，注入dataSource -->
	<bean id="transactionManager" class="org.springframework.jdbc.datasource.DataSourceTransactionManager">
		<!-- datasource配置在applicationContext-dao.xml文件中 -->
		<property name="dataSource" ref="dataSource"></property>
	</bean>
	
	<!-- 配置事务增强 -->
	<tx:advice id="txAdvice" transaction-manager="transactionManager">
		<tx:attributes>
			<!-- 匹配要进行事务操作的方法 -->
			<!-- save*表示以save开头的方法都进行事务操作 -->
			<tx:method name="save*"/>
			<tx:method name="delete*"/>
			<tx:method name="insert*"/>
			<tx:method name="update*"/>
			<tx:method name="find*" propagation="SUPPORTS" read-only="true"/>
			<tx:method name="get*" propagation="SUPPORTS" read-only="true"/>
			<tx:method name="select*" propagation="SUPPORTS" read-only="true"/>
		</tx:attributes>
	</tx:advice>
	
	<!-- 配置切面 -->
	<aop:config>
		<!-- 切入点 ：那些可以增强的方法-->
		<aop:pointcut expression="execution(* com.ssm.service.impl.*.*(..))" id="pointcut1"/>
		<!-- 切面：把哪个增强用到哪个切入点上 -->
		<aop:advisor advice-ref="txAdvice" pointcut-ref="pointcut1"/>
	</aop:config>


</beans>