<?xml version="1.0" encoding="UTF-8" ?>
<!DOCTYPE mapper PUBLIC "-//mybatis.org//DTD Mapper 3.0//EN" "http://mybatis.org/dtd/mybatis-3-mapper.dtd" >
<mapper namespace="com.ssm.mapper.DemandMapperCustom" >

  	
  	
  	<!-- 用户发布需求 -->
  	<insert id="addDemand" parameterType="com.ssm.po.DemandCustom">
  		<selectKey keyProperty="demandId" order="AFTER" resultType="java.lang.Integer">
			SELECT LAST_INSERT_ID()
		</selectKey>
  		insert into demand(user_id,demand_title,demand_type,demand_detail,demand_time) 
  			  values(#{userId},#{demandTitle},#{demandType},#{demandDetail},#{demandTime}) 
  	</insert>
  	
  	
  	
  	<!-- 删除需求 -->
  	<delete id="deleteDemandById" parameterType="java.lang.Integer">
  		 delete from demand where demand_id=#{demandId}
  	</delete>
  	
  	
  	
  	<!-- 用户修改需求 -->
  	<update  id="updateDemandById" parameterType="com.ssm.po.DemandQueryVo">
  	  update 
  	  		demand 
  	  set demand_title=#{demandCustom.demandTitle},demand_type=#{demandCustom.demandType},
  	     	demand_detail=#{demandCustom.demandDetail},demand_time=#{demandCustom.demandDetail}
  	  where 
  	  		demand_id=#{demandCustom.demandId}
  	</update>
  	
  	
  	
  	
  	<!-- 需求查询    根据需求id -->
  	<select id="findDemandById"  parameterType="java.lang.Integer"  resultType="com.ssm.po.DemandCustom">
  	    select * form demand where demand_id=#{demandId}
  	</select>
  	
  	
  	<!-- 需求查询    根据关键字模糊查询 -->
  	<select id="findDemandLike"  parameterType="java.lang.String"  resultType="com.ssm.po.DemandCustom">
  	    select * form demand  
  	    <where>
  	       <!--如果refid指定的id,不在mapper中,要在前边家mapper的namespace-->
  	       <include refid="findDemandByKeyWord"></include>
  	    </where>
  	</select>
  	 
  	<!-- 关键字模糊查询     基于demand表定义的sql片段 -->
    <sql id="findDemandByKeyWord">
   		<if test="demand!=null">
   			<if test="demand_title!=null and demand_title!=''">
   				   demand_title demandTitle LIKE '%${keyWord}%'
   			</if>
   			<if test="demand_type!=null and demand_type!=''">
   				or demand_type demandType LIKE '%${keyWord}%'
   			</if>
   			<if test="demand_detail!=null and demand_detail!=''">
   				or demand_detail demandDetail LIKE '%${keyWord}%'
   			</if>
   		</if>
    </sql>
    
    
  	
</mapper>