﻿<?xml version="1.0" encoding="UTF-8" ?>
<!DOCTYPE mapper PUBLIC "-//mybatis.org//DTD Mapper 3.0//EN" "http://mybatis.org/dtd/mybatis-3-mapper.dtd" >
<mapper namespace="com.ssm.mapper.BidMapperCustom" >

  	
  	<!-- 1.添加投标 -->
  	<insert id="addBid" parameterType="com.ssm.po.BidCustom">
  	<!--keyProperty：将查询到主键值设置到parameterType指定的对象的哪个属性-->
  		 <selectKey keyProperty="bidId" order="AFTER" resultType="java.lang.Integer">
			SELECT LAST_INSERT_ID()
		 </selectKey>
   			insert into 
  		     		bid(demand_id,service_id,bid_state,bid_time) 
			values(#{demandId},#{serviceId},#{bidState},#{bidTime})
                  			 	
  	</insert>
  	
  	
  	<!--2.更新投标状态 -->
  	<!--  <update id="updateBidState" parameterType="com.ssm.po.BidCustom" >
  		 update 
  		 	bid
    	 set 
    	 	bid_state = #{bidState}
    	 where 
    	 	bid_id = #{bidId}
  	</update>   -->
  	
  	<!-- 3.删除投标 -->
  	<!-- <delete id="deleteBidById" parameterType="java.lang.Integer">
  		 delete from bid where bid_id=#{bidId}
  	</delete> -->
    
  	
  
</mapper>