<?xml version="1.0" encoding="UTF-8" ?>
<!DOCTYPE mapper PUBLIC "-//mybatis.org//DTD Mapper 3.0//EN" "http://mybatis.org/dtd/mybatis-3-mapper.dtd" >
<mapper namespace="com.ssm.mapper.OrderMapper" >
  <resultMap id="BaseResultMap" type="com.ssm.po.Order" >
    <id column="order_id" property="orderId" jdbcType="INTEGER" />
    <result column="demand_id" property="demandId" jdbcType="INTEGER" />
    <result column="service_id" property="serviceId" jdbcType="INTEGER" />
    <result column="order_time" property="orderTime" jdbcType="DATE" />
  </resultMap>
  <sql id="Example_Where_Clause" >
    <where >
      <foreach collection="oredCriteria" item="criteria" separator="or" >
        <if test="criteria.valid" >
          <trim prefix="(" suffix=")" prefixOverrides="and" >
            <foreach collection="criteria.criteria" item="criterion" >
              <choose >
                <when test="criterion.noValue" >
                  and ${criterion.condition}
                </when>
                <when test="criterion.singleValue" >
                  and ${criterion.condition} #{criterion.value}
                </when>
                <when test="criterion.betweenValue" >
                  and ${criterion.condition} #{criterion.value} and #{criterion.secondValue}
                </when>
                <when test="criterion.listValue" >
                  and ${criterion.condition}
                  <foreach collection="criterion.value" item="listItem" open="(" close=")" separator="," >
                    #{listItem}
                  </foreach>
                </when>
              </choose>
            </foreach>
          </trim>
        </if>
      </foreach>
    </where>
  </sql>
  <sql id="Update_By_Example_Where_Clause" >
    <where >
      <foreach collection="example.oredCriteria" item="criteria" separator="or" >
        <if test="criteria.valid" >
          <trim prefix="(" suffix=")" prefixOverrides="and" >
            <foreach collection="criteria.criteria" item="criterion" >
              <choose >
                <when test="criterion.noValue" >
                  and ${criterion.condition}
                </when>
                <when test="criterion.singleValue" >
                  and ${criterion.condition} #{criterion.value}
                </when>
                <when test="criterion.betweenValue" >
                  and ${criterion.condition} #{criterion.value} and #{criterion.secondValue}
                </when>
                <when test="criterion.listValue" >
                  and ${criterion.condition}
                  <foreach collection="criterion.value" item="listItem" open="(" close=")" separator="," >
                    #{listItem}
                  </foreach>
                </when>
              </choose>
            </foreach>
          </trim>
        </if>
      </foreach>
    </where>
  </sql>
  <sql id="Base_Column_List" >
    order_id, demand_id, service_id, order_time
  </sql>
  <select id="selectByExample" resultMap="BaseResultMap" parameterType="com.ssm.po.OrderExample" >
    select
    <if test="distinct" >
      distinct
    </if>
    <include refid="Base_Column_List" />
    from order
    <if test="_parameter != null" >
      <include refid="Example_Where_Clause" />
    </if>
    <if test="orderByClause != null" >
      order by ${orderByClause}
    </if>
  </select>
  <select id="selectByPrimaryKey" resultMap="BaseResultMap" parameterType="java.lang.Integer" >
    select 
    <include refid="Base_Column_List" />
    from order
    where order_id = #{orderId,jdbcType=INTEGER}
  </select>
  <delete id="deleteByPrimaryKey" parameterType="java.lang.Integer" >
    delete from order
    where order_id = #{orderId,jdbcType=INTEGER}
  </delete>
  <delete id="deleteByExample" parameterType="com.ssm.po.OrderExample" >
    delete from order
    <if test="_parameter != null" >
      <include refid="Example_Where_Clause" />
    </if>
  </delete>
  <insert id="insert" parameterType="com.ssm.po.Order" >
    insert into order (order_id, demand_id, service_id, 
      order_time)
    values (#{orderId,jdbcType=INTEGER}, #{demandId,jdbcType=INTEGER}, #{serviceId,jdbcType=INTEGER}, 
      #{orderTime,jdbcType=DATE})
  </insert>
  <insert id="insertSelective" parameterType="com.ssm.po.Order" >
    insert into order
    <trim prefix="(" suffix=")" suffixOverrides="," >
      <if test="orderId != null" >
        order_id,
      </if>
      <if test="demandId != null" >
        demand_id,
      </if>
      <if test="serviceId != null" >
        service_id,
      </if>
      <if test="orderTime != null" >
        order_time,
      </if>
    </trim>
    <trim prefix="values (" suffix=")" suffixOverrides="," >
      <if test="orderId != null" >
        #{orderId,jdbcType=INTEGER},
      </if>
      <if test="demandId != null" >
        #{demandId,jdbcType=INTEGER},
      </if>
      <if test="serviceId != null" >
        #{serviceId,jdbcType=INTEGER},
      </if>
      <if test="orderTime != null" >
        #{orderTime,jdbcType=DATE},
      </if>
    </trim>
  </insert>
  <select id="countByExample" parameterType="com.ssm.po.OrderExample" resultType="java.lang.Integer" >
    select count(*) from order
    <if test="_parameter != null" >
      <include refid="Example_Where_Clause" />
    </if>
  </select>
  <update id="updateByExampleSelective" parameterType="map" >
    update order
    <set >
      <if test="record.orderId != null" >
        order_id = #{record.orderId,jdbcType=INTEGER},
      </if>
      <if test="record.demandId != null" >
        demand_id = #{record.demandId,jdbcType=INTEGER},
      </if>
      <if test="record.serviceId != null" >
        service_id = #{record.serviceId,jdbcType=INTEGER},
      </if>
      <if test="record.orderTime != null" >
        order_time = #{record.orderTime,jdbcType=DATE},
      </if>
    </set>
    <if test="_parameter != null" >
      <include refid="Update_By_Example_Where_Clause" />
    </if>
  </update>
  <update id="updateByExample" parameterType="map" >
    update order
    set order_id = #{record.orderId,jdbcType=INTEGER},
      demand_id = #{record.demandId,jdbcType=INTEGER},
      service_id = #{record.serviceId,jdbcType=INTEGER},
      order_time = #{record.orderTime,jdbcType=DATE}
    <if test="_parameter != null" >
      <include refid="Update_By_Example_Where_Clause" />
    </if>
  </update>
  <update id="updateByPrimaryKeySelective" parameterType="com.ssm.po.Order" >
    update order
    <set >
      <if test="demandId != null" >
        demand_id = #{demandId,jdbcType=INTEGER},
      </if>
      <if test="serviceId != null" >
        service_id = #{serviceId,jdbcType=INTEGER},
      </if>
      <if test="orderTime != null" >
        order_time = #{orderTime,jdbcType=DATE},
      </if>
    </set>
    where order_id = #{orderId,jdbcType=INTEGER}
  </update>
  <update id="updateByPrimaryKey" parameterType="com.ssm.po.Order" >
    update order
    set demand_id = #{demandId,jdbcType=INTEGER},
      service_id = #{serviceId,jdbcType=INTEGER},
      order_time = #{orderTime,jdbcType=DATE}
    where order_id = #{orderId,jdbcType=INTEGER}
  </update>
</mapper>