<?xml version="1.0" encoding="UTF-8" ?>
<!DOCTYPE mapper PUBLIC "-//mybatis.org//DTD Mapper 3.0//EN" "http://mybatis.org/dtd/mybatis-3-mapper.dtd" >
<mapper namespace="com.ssm.mapper.ServiceMapperCustom" >


	<!-- 1.服务商发布服务 -->
  	<insert id="addService" parameterType="com.ssm.po.ServiceCustom">
  		<selectKey keyProperty="serviceId" order="AFTER" resultType="java.lang.Integer">
			SELECT LAST_INSERT_ID()
		</selectKey>
  		insert into 
  				service(com_id,service_title,service_type,service_detail,service_time) 
	    values
	    		(#{comId},#{serviceTitle},
  			    #{serviceType},#{serviceDetail},#{serviceTime}) 
  	</insert>
  	
  	
  	
  	<!-- 2.删除服务 -->
  	<delete id="deleteServiceById" parameterType="java.lang.Integer">
  		 delete from service where service_id=#{serviceId}
  	</delete>
  	
  	
  	
  	<!-- 3.服务商修改服务 -->
  	<!-- <update  id="updateServiceById" parameterType="com.ssm.po.ServiceCustom">
  	  update 
  	  		service 
  	  set  
  	        service_title=#{serviceTitle},
  	        service_type=#{serviceType},
  	     	service_detail=#{serviceDetail}
  	  where 
  	  		service_id = #{serviceId}
  	</update> -->
  	
  	
  	
  	
  	<!-- 4.服务查询    根据服务id -->
  	<!-- <select id="findServiceById"  parameterType="java.lang.Integer"  resultType="com.ssm.po.ServiceCustom">
  	    select * from service where service_id=#{serviceId}
  	</select> -->
  	
  	
  	<!-- 5.服务查询    根据serviceTitle关键字模糊查询 -->
  	<!-- <select id="findServiceByServiceTitle" parameterType="java.lang.String"  resultType="com.ssm.po.ServiceCustom">
	  	 select
		       service_id serviceId,
		       company.com_name comName,
		       type1.type_name first_type_name,
		       type2.type_name sec_type_Nmae,
		       service_title serviceTitle,
		       service_detail serviceDetail,
		       service_time serviceTime 
		 from 
		       service,
		       company,
		       type1,
		       type2
		 where  
		       service.com_id=company.com_id 
		       and service_type=type2.sec_type_id 
		       and type1.first_type_id=type2.type_first_id 
		       and service_title LIKE '%${value}%'
		 order by 
		 	     service_time desc
  	</select> -->
  	 
   		
   		
    <!-- 6.查询服务商及发布的服务信息，使用resultmap -->
	<select id="findCompanyAllServicesResultMap" parameterType="java.lang.Integer" resultMap="CompanyAllServicesResultMap">
		select
	           
	           type2.type_first_id first_type_id,
		       service_type sec_type_id,
		       service.com_id,
		       service.service_id
		 from 
		       service,
		       company,
		       type1,
		       type2
		 where  
		       service.com_id=company.com_id 
		       and service_type=type2.sec_type_id 
		       and type1.first_type_id=type2.type_first_id 
		       and company.com_id=#{company.com_id}
	</select>
	
	<!-- 查询服务商及发布的服务信息的resultmap -->
	<resultMap type="com.ssm.po.CompanyCustom" id="CompanyAllServicesResultMap">
		<!-- 服务商信息 -->
		<id column="com_id" property="comId"/>
		<result column="com_name" property="comName"/>
		<result column="com_ceo_name" property="comCeoName"/>
		<result column="com_pass" property="comPass"/>
		<!-- type1列表：服务商与type1是一对多 -->
		<collection property="type1CustomList" ofType="com.ssm.po.Type1Custom">
			<id column="first_type_id" property="firstTypeId"/>
			<result column="type_name" property="typeName"/>
			<!-- type2列表：type1与type2是一对多 -->
			<collection property="type2Customlist" ofType="com.ssm.po.Type2Custom">
				<id column="sec_type_id" property="secTypeId"/>
				<result column="type_name" property="typeName"/>
				<result column="type_first_id" property="typeFirstId"/>
				<!-- 服务列表:type2与服务是一对多 -->
				<collection property="serviceCustomList" ofType="com.ssm.po.ServiceCustom">
					<id column="service_id" property="serviceId"/>
					<result column="com_id" property="comId"/>
					<result column="service_title" property="serviceTitle"/>
					<result column="service_type" property="serviceType"/>
					<result column="service_detail" property="serviceDetail"/>
					<result column="service_time" property="serviceTime"/>
				</collection>
			</collection>
		</collection>
	</resultMap>
	
	
    <!-- 7.根据服务type查询 -->
   <!--  <select id="findServiceByType"  parameterType="java.lang.Integer" resultType="com.ssm.po.ServiceCustom">
	    select 
		     type1.type_name serviceType_name,
		     company.com_name,
		     service.service_title,
		     service.service_detail,
		     service.service_time
		from 
		     service ,
		     type1,
		     company
		where
		    service.service_type=type1.first_type_id 
		    and service.com_id=company.com_id 
		    and type1.first_type_id=#{first_type_id}
  	</select> -->
  	
  	
  	  
    <!-- 8.返回最新插入的前10条记录  -->
   <!--  <select id="findLatestService"  resultType="com.ssm.po.ServiceCustom">
   	  	select  
         service_id serviceId,
	       company.com_name comName,
	       type1.type_name first_type_name,
	       type2.type_name sec_type_Nmae,
	       service_title serviceTitle,
	       service_detail serviceDetail,
	       service_time serviceTime 
	 from 
	       service,
         company,
         type1,
         type2
	where 
	       service.com_id=company.com_id 
	       and service_type=type2.sec_type_id 
	       and type1.first_type_id=type2.type_first_id 
	order by 
	        service_time desc LIMIT 10
    </select> -->
    
  
</mapper>