<?xml version="1.0" encoding="UTF-8" ?>
<!DOCTYPE mapper PUBLIC "-//mybatis.org//DTD Mapper 3.0//EN" "http://mybatis.org/dtd/mybatis-3-mapper.dtd" >
<mapper namespace="com.ssm.mapper.DemandMapperCustom" >

  	
  	
  	<!-- 1.用户发布需求 -->
  	<insert id="addDemand" parameterType="com.ssm.po.DemandCustom">
  		<selectKey keyProperty="demandId" order="AFTER" resultType="java.lang.Integer">
			SELECT LAST_INSERT_ID()
		</selectKey>
  		insert into 
  		          demand(user_id,demand_title,demand_type,demand_detail,demand_time) 
  	    values
	  			  (#{userId},#{demandTitle},
	  			  #{demandType},#{demandDetail},
	  			  #{demandTime}) 
  	</insert>
  	
  	
  	
  	<!-- 2.删除需求 -->
  	<delete id="deleteDemandById" parameterType="java.lang.Integer">
  		 delete from demand where demand_id=#{demandId}
  	</delete>
  	
  	
  	
  	<!-- 3.用户修改需求 -->
  	<update  id="updateDemandById" parameterType="com.ssm.po.DemandCustom" >
  	  update 
  	  		demand 
  	  set  
  	        demand_title=#{demandTitle},
  	        demand_type=#{demandType},
  	     	demand_detail=#{demandDetail}
  	  where 
  	  		demand_id = #{demandId}
  	</update>
  	
  	
  	
  	
  	<!-- 4.需求查询    根据需求id -->
  	<select id="findDemandById"  parameterType="java.lang.Integer"  resultType="com.ssm.po.DemandCustom">
  	    select * from demand where demand_id=#{demandId}
  	</select>
  	
  	
  	<!-- 5.需求查询    根据demandTitle关键字模糊查询 -->
  	<select id="findDemandByDemandTitle" parameterType="java.lang.String"  resultType="com.ssm.po.DemandCustom">
	 select
	       demand_id demandId,
	       user.user_name userName,
	       type1.type_name first_type_name,
	       type2.type_name sec_type_Nmae,
	       demand_title demandTitle,
	       demand_detail demandDetail,
	       demand_time demandTime 
	 from 
	       demand,
	       user,
	       type1,
	       type2
	 where  
	       demand.user_id=user.user_id 
	       and demand_type=type2.sec_type_id 
	       and type1.first_type_id=type2.type_first_id 
	       and demand_title LIKE '%${_parameter}%'
	 order by 
	 	   demand_time desc
   			 
  	</select>
  	 
  	 
  	<!-- 5.需求查询    根据demandTitle关键字模糊查询 -->
  	<select id="findDemandByDemandTitleResultMap" parameterType="java.lang.String"  resultMap="ByDemandTitleResultMap">
	 select
	       demand_id demandId,
	       user.user_name userName,
	       type1.type_name first_type_name,
	       type2.type_name sec_type_Nmae,
	       demand_title demandTitle,
	       demand_detail demandDetail,
	       demand_time demandTime 
	 from 
	       demand,
	       user,
	       type1,
	       type2
	 where  
	       demand.user_id=user.user_id 
	       and demand_type=type2.sec_type_id 
	       and type1.first_type_id=type2.type_first_id 
	       and demand_title LIKE '%${_parameter}%'
	 order by 
	 	   demand_time desc
   			 
  	</select>
   	<resultMap type="com.ssm.po.DemandCustom" id="ByDemandTitleResultMap">
		<!-- 需求信息 -->
		<id column="demand_id" property="demandId"/>
		<result column="user_id" property="userId"/>
		<result column="demand_title" property="demandTitle"/>
		<result column="demand_type" property="demandType"/>
		<result column="demand_detail" property="demandDetail"/>
		<result column="demand_time" property="demandTime"/>
		
		<!-- 用户信息：一个需求对应一个用户 -->
		 <association property="user" javaType="com.ssm.po.User">
		 	<id column="user_id" property="userId"/>
			<result column="user_name" property="userName"/>
			<result column="user_pass" property="userPass"/>
		 </association>
		 
		 <!-- type2:一个需求对应一个Type2 -->
		 <association property="type2" javaType="com.ssm.po.Type2">
		 	<id column="sec_type_id" property="secTypeId"/>
			<result column="type_name" property="typeName"/>
			<result column="type_first_id" property="typeFirstId"/>
			
				<!-- type1：一个type2对应一个type1 -->
				<association  property="type1" javaType="com.ssm.po.Type1">
					<id column="first_type_id" property="firstTypeId"/>
					<result column="type_name" property="typeName"/>
				</association>
				
		 </association>
		 
	</resultMap>	
   		

   		
    <!-- 6.查询用户及发布的需求信息，使用resultmap -->
	<select id="findUserAndDemandsResultMap" parameterType="java.lang.Integer" resultMap="UserAndDemandsResultMap">
		select 
			  user.user_name,
			  demand.*
		from
			  user,
			  demand
		where 
			  demand.user_id = user.user_id and user.user_id=#{user.user_id}
		
	</select>
	
	 <!-- 查询用户及发布的需求信息的resultmap -->
	<resultMap type="com.ssm.po.UserCustom" id="UserAndDemandsResultMap">
		<!-- 用户信息 -->
		<id column="user_id" property="userId"/>
		<result column="user_name" property="userName"/>
		<result column="user_pass" property="userPass"/>
		
		<!-- 需求信息
		     一个用户对应多个需求，使用collection映射
		 -->
		 <collection property="demandCustomList" ofType="com.ssm.po.DemandCustom">
		 	<id column="demand_id" property="demandId"/>
			<result column="user_id" property="userId"/>
			<result column="demand_title" property="demandTitle"/>
			<result column="demand_type" property="demandType"/>
			<result column="demand_detail" property="demandDetail"/>
			<result column="demand_time" property="demandTime"/>
		 </collection>
		 
	</resultMap>
    
    
    
    <!-- 7.根据需求type查询 -->
    <select id="findDemandByType"  parameterType="java.lang.Integer" resultType="com.ssm.po.DemandCustom">
	    select 
		     type1.type_name demandType_name,
		     user.user_name,
		     demand.demand_title,
		     demand.demand_detail,
		     demand.demand_time
		from 
		     demand ,
		     type1,
		     user
		where
		    demand.demand_type=type1.first_type_id 
		    and demand.user_id=user.user_id 
		    and type1.first_type_id=#{first_type_id}
  	</select>
    
    <!-- 8.返回最新插入的前10条记录  -->
    <select id="findDemandNew"  resultType="com.ssm.po.DemandCustom">
   	select  
	        demand_id demandId,
	        user_name userName,
	        type1.type_name first_type_name,
	        type2.type_name sec_type_Nmae,
	        demand_title demandTitle,
	        demand_detail demandDetail,
	        demand_time demandTime
	from 
	        demand,
	        user,
	        type1,
	        type2
	where 
	        user.user_id=demand.user_id 
	        and demand_type=type2.sec_type_id 
	        and type1.first_type_id=type2.type_first_id 
	order by 
	        demand_time desc LIMIT 10
    </select>
    
    
    
    
</mapper>