<?xml version="1.0" encoding="UTF-8" ?>
<!DOCTYPE mapper PUBLIC "-//mybatis.org//DTD Mapper 3.0//EN" "http://mybatis.org/dtd/mybatis-3-mapper.dtd" >
<mapper namespace="com.ssm.mapper.ServiceMapperCustom" >


	<!-- 1.服务商发布服务 -->
  	<insert id="addService" parameterType="com.ssm.po.ServiceCustom">
  		<selectKey keyProperty="serviceId" order="AFTER" resultType="java.lang.Integer">
			SELECT LAST_INSERT_ID()
		</selectKey>
  		insert into 
  				service(com_id,service_title,service_type,service_detail,service_time) 
	    values
	    		(#{comId},#{serviceTitle},
  			    #{serviceType},#{serviceDetail},#{serviceTime}) 
  	</insert>
  	
  	  
  	
  	<!-- 5.服务查询    根据serviceTitle关键字模糊查询 -->
  	<select id="findServiceByServiceTitle" parameterType="java.lang.String"  resultType="com.ssm.po.ServiceCustom">
  	 select
	       service_id serviceId,
	       company.com_name comName,
	       type1.type_name first_type_name,
	       type2.type_name sec_type_Nmae,
	       service_title serviceTitle,
	       service_detail serviceDetail,
	       service_time serviceTime 
	 from 
	       service,
	       company,
	       type1,
	       type2
	 where  
	       service.com_id=company.com_id 
	       and service_type=type2.sec_type_id 
	       and type1.first_type_id=type2.type_first_id 
	       and service_title LIKE '%${value}%'
	 order by 
	 	     service_time desc
  	</select>
  	    		
   		
    	  
    <!-- 8.返回最新插入的前10条记录  -->
    <select id="findLatestService"  resultType="com.ssm.po.ServiceCustom">
   	 select  
           service_id serviceId,
	       company.com_name comName,
	       type1.type_name first_type_name,
	       type2.type_name sec_type_Nmae,
	       service_title serviceTitle,
	       service_detail serviceDetail,
	       service_time serviceTime 
	 from 
	       service,
           company,
           type1,
           type2
	where 
	       service.com_id=company.com_id 
	       and service_type=type2.sec_type_id 
	       and type1.first_type_id=type2.type_first_id 
	order by 
	       service_time desc LIMIT 10
    </select>
    
  
</mapper>