<?xml version="1.0" encoding="UTF-8" ?>
<!DOCTYPE mapper PUBLIC "-//mybatis.org//DTD Mapper 3.0//EN" "http://mybatis.org/dtd/mybatis-3-mapper.dtd" >
<mapper namespace="com.ssm.mapper.Type2Mapper" >
  <resultMap id="BaseResultMap" type="com.ssm.po.Type2" >
    <id column="sec_type_id" property="secTypeId" jdbcType="INTEGER" />
    <result column="type_name" property="typeName" jdbcType="VARCHAR" />
    <result column="type_first_id" property="typeFirstId" jdbcType="INTEGER" />
  </resultMap>
  <sql id="Example_Where_Clause" >
    <where >
      <foreach collection="oredCriteria" item="criteria" separator="or" >
        <if test="criteria.valid" >
          <trim prefix="(" suffix=")" prefixOverrides="and" >
            <foreach collection="criteria.criteria" item="criterion" >
              <choose >
                <when test="criterion.noValue" >
                  and ${criterion.condition}
                </when>
                <when test="criterion.singleValue" >
                  and ${criterion.condition} #{criterion.value}
                </when>
                <when test="criterion.betweenValue" >
                  and ${criterion.condition} #{criterion.value} and #{criterion.secondValue}
                </when>
                <when test="criterion.listValue" >
                  and ${criterion.condition}
                  <foreach collection="criterion.value" item="listItem" open="(" close=")" separator="," >
                    #{listItem}
                  </foreach>
                </when>
              </choose>
            </foreach>
          </trim>
        </if>
      </foreach>
    </where>
  </sql>
  <sql id="Update_By_Example_Where_Clause" >
    <where >
      <foreach collection="example.oredCriteria" item="criteria" separator="or" >
        <if test="criteria.valid" >
          <trim prefix="(" suffix=")" prefixOverrides="and" >
            <foreach collection="criteria.criteria" item="criterion" >
              <choose >
                <when test="criterion.noValue" >
                  and ${criterion.condition}
                </when>
                <when test="criterion.singleValue" >
                  and ${criterion.condition} #{criterion.value}
                </when>
                <when test="criterion.betweenValue" >
                  and ${criterion.condition} #{criterion.value} and #{criterion.secondValue}
                </when>
                <when test="criterion.listValue" >
                  and ${criterion.condition}
                  <foreach collection="criterion.value" item="listItem" open="(" close=")" separator="," >
                    #{listItem}
                  </foreach>
                </when>
              </choose>
            </foreach>
          </trim>
        </if>
      </foreach>
    </where>
  </sql>
  <sql id="Base_Column_List" >
    sec_type_id, type_name, type_first_id
  </sql>
  <select id="selectByExample" resultMap="BaseResultMap" parameterType="com.ssm.po.Type2Example" >
    select
    <if test="distinct" >
      distinct
    </if>
    <include refid="Base_Column_List" />
    from type2
    <if test="_parameter != null" >
      <include refid="Example_Where_Clause" />
    </if>
    <if test="orderByClause != null" >
      order by ${orderByClause}
    </if>
  </select>
  <select id="selectByPrimaryKey" resultMap="BaseResultMap" parameterType="java.lang.Integer" >
    select 
    <include refid="Base_Column_List" />
    from type2
    where sec_type_id = #{secTypeId,jdbcType=INTEGER}
  </select>
  <delete id="deleteByPrimaryKey" parameterType="java.lang.Integer" >
    delete from type2
    where sec_type_id = #{secTypeId,jdbcType=INTEGER}
  </delete>
  <delete id="deleteByExample" parameterType="com.ssm.po.Type2Example" >
    delete from type2
    <if test="_parameter != null" >
      <include refid="Example_Where_Clause" />
    </if>
  </delete>
  <insert id="insert" parameterType="com.ssm.po.Type2" >
    insert into type2 (sec_type_id, type_name, type_first_id
      )
    values (#{secTypeId,jdbcType=INTEGER}, #{typeName,jdbcType=VARCHAR}, #{typeFirstId,jdbcType=INTEGER}
      )
  </insert>
  <insert id="insertSelective" parameterType="com.ssm.po.Type2" >
    insert into type2
    <trim prefix="(" suffix=")" suffixOverrides="," >
      <if test="secTypeId != null" >
        sec_type_id,
      </if>
      <if test="typeName != null" >
        type_name,
      </if>
      <if test="typeFirstId != null" >
        type_first_id,
      </if>
    </trim>
    <trim prefix="values (" suffix=")" suffixOverrides="," >
      <if test="secTypeId != null" >
        #{secTypeId,jdbcType=INTEGER},
      </if>
      <if test="typeName != null" >
        #{typeName,jdbcType=VARCHAR},
      </if>
      <if test="typeFirstId != null" >
        #{typeFirstId,jdbcType=INTEGER},
      </if>
    </trim>
  </insert>
  <select id="countByExample" parameterType="com.ssm.po.Type2Example" resultType="java.lang.Integer" >
    select count(*) from type2
    <if test="_parameter != null" >
      <include refid="Example_Where_Clause" />
    </if>
  </select>
  <update id="updateByExampleSelective" parameterType="map" >
    update type2
    <set >
      <if test="record.secTypeId != null" >
        sec_type_id = #{record.secTypeId,jdbcType=INTEGER},
      </if>
      <if test="record.typeName != null" >
        type_name = #{record.typeName,jdbcType=VARCHAR},
      </if>
      <if test="record.typeFirstId != null" >
        type_first_id = #{record.typeFirstId,jdbcType=INTEGER},
      </if>
    </set>
    <if test="_parameter != null" >
      <include refid="Update_By_Example_Where_Clause" />
    </if>
  </update>
  <update id="updateByExample" parameterType="map" >
    update type2
    set sec_type_id = #{record.secTypeId,jdbcType=INTEGER},
      type_name = #{record.typeName,jdbcType=VARCHAR},
      type_first_id = #{record.typeFirstId,jdbcType=INTEGER}
    <if test="_parameter != null" >
      <include refid="Update_By_Example_Where_Clause" />
    </if>
  </update>
  <update id="updateByPrimaryKeySelective" parameterType="com.ssm.po.Type2" >
    update type2
    <set >
      <if test="typeName != null" >
        type_name = #{typeName,jdbcType=VARCHAR},
      </if>
      <if test="typeFirstId != null" >
        type_first_id = #{typeFirstId,jdbcType=INTEGER},
      </if>
    </set>
    where sec_type_id = #{secTypeId,jdbcType=INTEGER}
  </update>
  <update id="updateByPrimaryKey" parameterType="com.ssm.po.Type2" >
    update type2
    set type_name = #{typeName,jdbcType=VARCHAR},
      type_first_id = #{typeFirstId,jdbcType=INTEGER}
    where sec_type_id = #{secTypeId,jdbcType=INTEGER}
  </update>
</mapper>