<?xml version="1.0" encoding="UTF-8" ?>
<!DOCTYPE mapper PUBLIC "-//mybatis.org//DTD Mapper 3.0//EN" "http://mybatis.org/dtd/mybatis-3-mapper.dtd" >
<mapper namespace="com.ssm.mapper.CompanyMapperCustom" >

  	<!-- 服务商名称查重 -->
	<select id="checkCompanyName" parameterType="String" resultType="com.ssm.po.CompanyCustom">
		select 
			com_name comName,com_pass comPass
		from 
			company 
		where 
			com_name=#{comName}
	</select>
	
	
  	<!-- 服务商注册 -->
  	<!--注意这里的参数类型是parameterType而不是parameterMap，因为返回的是单个类型  -->  
  	<insert id="companyRegister" parameterType="com.ssm.po.CompanyCustom">
  		 <selectKey keyProperty="comId" order="AFTER" resultType="java.lang.Integer">
			SELECT LAST_INSERT_ID()
		 </selectKey>
  		    insert into company(com_name,com_pass,com_ceo_name) 
  		    values(#{comName},#{comPass},,#{comCeoName})
  	</insert>
  	
  	
  	<!-- 服务商登录 -->
  	<!--注意这里的参数类型是parameterType而不是parameterMap，因为返回的是单个类型  -->  
  	<select id="companyLogin" parameterType="com.ssm.po.CompanyQueryVo"
  		 resultType="com.ssm.po.CompanyCustom">
  		  select 
  		      com_name comName,com_pass comPass,com_ceo_name comCeoName
  		  from company 
  		      where com_name=#{companyCustom.comName} and com_pass=#{companyCustom.comPass}
  	</select>
  	
  	
  	
  	<!-- 服务商信息修改 -->
  	<!--注意这里的参数类型是parameterType而不是parameterMap，因为返回的是单个类型  -->  
  	 <select id="updateCompany" parameterType="com.ssm.po.CompanyQueryVo"
  		 resultType="com.ssm.po.CompanyCustom">
  		 update
  		 	company
    	 set 
    	 	com_pass = #{CompanyCustom.comPass}
    	 where 
    	 	com_id= #{CompanyCustom.comId}
    
  	</select> 
  	
  
</mapper>