<?xml version="1.0" encoding="UTF-8" ?>
<!DOCTYPE mapper PUBLIC "-//mybatis.org//DTD Mapper 3.0//EN" "http://mybatis.org/dtd/mybatis-3-mapper.dtd" >
<mapper namespace="com.ssm.mapper.ServiceMapperCustom" >

  	
  	<!-- 注册 -->
  	<!--注意这里的参数类型是parameterType而不是parameterMap，因为返回的是单个类型  -->  
  	<insert id="registService" parameterType="com.ssm.po.ServiceCustom">
  	<!--
		SELECT LAST_INSERT_ID()：得到刚insert进去记录的主键值，只适用与自增主键
		keyProperty：将查询到主键值设置到parameterType指定的对象的哪个属性
		order：SELECT LAST_INSERT_ID()执行顺序，相对于insert语句来说它的执行顺序
		resultType：指定SELECT LAST_INSERT_ID()的结果类型
	-->
  		 <selectKey keyProperty="id" order="AFTER" resultType="java.lang.Integer">
			SELECT LAST_INSERT_ID()
		 </selectKey>
  		    insert into service(user_name,user_pass) values(#{userName},#{userPass})
  	</insert>
  	
  	
  	<!-- 登录 -->
  	<!--注意这里的参数类型是parameterType而不是parameterMap，因为返回的是单个类型  -->  
  	<select id="loginUser" parameterType="com.ssm.po.UserQueryVo"
  		 resultType="com.ssm.po.UserCustom">
  		  select user_name,user_pass from user where user_name=#{user_name} and user_pass=#{user_pass}
  	</select>
  	
  	
  	<!-- 用户名称查重 -->
	<select id="checkUsername" parameterType="String" resultType="com.ssm.po.UserCustom">
		select user_name,user_pass
		from user 
		where user_name=#{userName}
	</select>
  	
  	
  	<!-- 修改 -->
  	<!--注意这里的参数类型是parameterType而不是parameterMap，因为返回的是单个类型  -->  
  	 <select id="updateUser" parameterType="com.ssm.po.UserQueryVo"
  		 resultType="com.ssm.po.UserCustom">
  		 update user
    	 set user_name = #{userName},user_pass = #{userPass}
    	 where user_id = #{userId}
    
  	</select> 
  	
  
</mapper>