<?xml version="1.0" encoding="UTF-8" ?>
<!DOCTYPE mapper PUBLIC "-//mybatis.org//DTD Mapper 3.0//EN" "http://mybatis.org/dtd/mybatis-3-mapper.dtd" >
<mapper namespace="com.ssm.mapper.Type1MapperCustom" >




		<!-- 一个type1类型对应多个type2类型 -->
		 <resultMap  id="Type1AndType2ResultMap" type="com.ssm.po.Type1Custom">
			<id column="first_type_id" property="firstTypeId"/>
			<result column="type_name" property="typeName"/>
			
				<collection property="type2Customlist" ofType="com.ssm.po.Type2Custom">
				    <id column="sec_type_id" property="secTypeId"/>
				 	<result column="type_name" property="typeName"/>
				 	<result column="type_first_id" property="typeFirstId"/>
				</collection>
		</resultMap> 
		
		
		
	   <!-- 查询一级类型的列表,其中包含type2的List属性 -->
	   <select id="Type1AndType2"  resultMap="Type1AndType2ResultMap">
	    SELECT 
           type1.*,
		   type2.sec_type_id,
		   type2.type_name  sec_type_name
		FROM
		   type1,
		   type2
		WHERE 
		   type1.first_type_id = type2.type_first_id
	   </select>  
   
   
   
   <!-- 返回一个一级类型的列表 -->
   <select id="type1CustomList" parameterType="com.ssm.po.Type1QueryVo" resultType="com.ssm.po.Type1Custom">
	    SELECT 
		  type1.first_type_id,
		  type1.type_name
 		FROM type1 
   </select>
    
    
  	
  	
  	
  	
  	
  	
  
</mapper>