<?xml version="1.0" encoding="UTF-8" ?>
<!DOCTYPE mapper PUBLIC "-//mybatis.org//DTD Mapper 3.0//EN" "http://mybatis.org/dtd/mybatis-3-mapper.dtd" >
<mapper namespace="com.ssm.mapper.UserMapperCustom" >

  	
  	<!-- 用户名称查重 -->
	<select id="checkUserName" parameterType="String" resultType="com.ssm.po.UserCustom">
		select 
			user_id userId,user_name userName,user_pass userPass 
		from 
			user 
		where 
			user_name =#{userName}
	</select>
  	
  	
  	<!-- 用户注册 -->
  	<!--注意这里的参数类型是parameterType而不是parameterMap，因为返回的是单个类型  -->  
  	<insert id="userRegister" parameterType="com.ssm.po.UserCustom">
  	<!--keyProperty：将查询到主键值设置到parameterType指定的对象的哪个属性-->
  		 <selectKey keyProperty="userId" order="AFTER" resultType="java.lang.Integer">
			SELECT LAST_INSERT_ID()
		 </selectKey>
  		    insert into user(user_name,user_pass) values(#{userName},#{userPass})
  	</insert>
  	
  	
  	
  	<!-- 用户登录 -->
  	<select id="userLogin" parameterType="com.ssm.po.UserQueryVo"
  		 resultType="com.ssm.po.UserCustom">
	  		 select 
	  		  	 user_id userId,user_name userName,user_pass userPass 
	  		 from 
	  			 user 
	  		 where 
	  		     user_name=#{userCustom.userName} and user_pass=#{userCustom.userPass}
  	</select>
  	
  	
  	
  	<!--用户信息修改 -->
  	 <select id="userUpdate" parameterType="com.ssm.po.UserQueryVo"  resultType="com.ssm.po.UserCustom">
  		 update 
  		 	user
    	 set 
    	 	user_pass = #{UserCustom.userPass}
    	 where 
    	 	user_id  = #{UserCustom.userId}
  	</select> 
  	
  
</mapper>